date,open,high,low,close,volume
2019-01-02,109.2775,109.4907,107.6997,108.9534,6986809
2019-01-03,109.2817,109.3969,106.915,107.2221,8654665
2019-01-04,108.4161,109.721,108.0835,109.0216,8831952
2019-01-05,108.851,109.4643,108.1406,108.3223,8403540
2019-01-06,109.3201,111.2988,108.9363,110.8382,9351190
2019-01-07,110.7273,111.077,109.448,109.9598,7402927
2019-01-08,108.9022,110.7785,108.9022,110.625,6224419
2019-01-09,110.0195,110.7359,109.431,110.6591,5300666
2019-01-10,109.7977,109.9853,108.8167,109.4054,7374382
2019-01-11,109.6101,110.4374,108.8681,110.3265,5192140
2019-01-12,110.3691,110.3691,109.0813,109.2007,6233819
2019-01-13,108.9193,110.4629,108.7084,110.0962,7461677
2019-01-14,110.787,111.8787,110.4032,111.4608,10592972
2019-01-15,109.3372,110.4467,108.3223,109.8489,10568128
2019-01-16,109.593,110.2753,109.1069,109.8489,9267966
2019-01-17,109.5845,109.7636,106.608,108.3393,9917100
2019-01-18,109.2775,109.5504,108.4672,109.3628,7585947
2019-01-19,109.0045,110.1474,108.5611,110.0109,6927621
2019-01-20,109.9768,111.2732,109.593,111.1538,6667879
2019-01-21,111.1879,112.7401,111.1282,112.271,7299435
2019-01-22,112.2625,115.2987,111.6143,113.4991,17298062
2019-02-01,114.3008,114.8723,113.8318,114.4544,9551246
2019-02-04,114.2497,114.4117,112.7572,113.3286,7758843
2019-02-05,113.8744,114.1814,113.2177,113.3286,6364703
2019-02-06,113.4991,113.9128,112.8339,113.4309,5066244
2019-02-07,112.9618,113.1239,112.1772,112.6207,6084783
2019-02-08,112.5354,112.9704,112.1857,112.9192,4436718
2019-02-11,112.8424,113.1495,111.9469,112.578,4962617
2019-02-12,112.6463,114.5396,112.6463,114.4202,6238268
2019-02-13,114.3435,115.1196,113.61,114.6676,7730215
2019-02-14,114.5396,114.9831,113.7294,114.5482,3910432
2019-02-15,115.2987,116.3392,115.1452,116.3136,6662827
2019-02-19,116.1089,116.3136,115.6739,115.7251,5935948
2019-02-20,115.9639,116.6121,115.7551,116.288,6089752
2019-02-21,115.1196,115.8083,114.513,115.4948,6665481
2019-02-22,115.384,116.5353,114.9831,116.5012,5223658
2019-02-25,117.0564,118.0351,116.6358,116.9277,6846581
2019-02-26,117.1337,117.5801,116.7989,116.8504,5106878
2019-02-27,116.3439,116.9706,116.2323,116.6444,4378066
2019-02-28,116.713,118.4342,116.4898,117.3054,10094537
2019-03-01,117.8033,118.9966,117.623,118.7734,5587180
2019-03-04,119.2027,119.6834,118.0523,118.885,8378056
2019-03-05,119.1683,119.4516,118.782,119.134,6568870
2019-03-06,119.735,119.8895,118.9881,119.4087,6236946
2019-03-07,118.928,119.4345,118.2154,118.679,6099500
2019-03-08,118.5502,119.589,117.1165,118.5245,7046830
2019-03-11,118.5674,119.3572,118.0609,118.9537,6149912
2019-03-12,119.031,120.19,118.9022,119.486,5552875
2019-03-13,119.838,120.0526,119.3486,119.6834,6438798
2019-03-14,118.7648,119.1598,118.4214,118.4901,8491944
2019-03-15,118.473,118.6962,117.4685,118.1296,11922855
2019-03-18,118.1725,118.2841,117.3741,117.7604,6995332
2019-03-19,118.1381,119.1769,118.018,118.8507,5882496
2019-03-20,118.7563,118.9108,117.314,117.8634,5475742
2019-03-21,117.6145,119.1426,117.5715,118.5588,5765119
2019-03-22,118.2583,118.8078,117.4943,117.5372,6528422
2019-03-25,117.5372,117.623,116.5327,117.2796,4500330
2019-03-26,117.5544,119.5633,117.5544,118.9623,4758646
2019-03-27,118.9795,119.7435,118.5331,119.0739,6764765
2019-03-28,119.383,119.7264,119.0825,119.2284,4601692
2019-03-29,119.5718,120.0869,119.2284,120.0097,7087218
2019-04-01,120.1814,120.4389,119.104,119.3143,5885401
2019-04-02,119.34,119.34,117.5372,118.224,5517716
2019-04-03,118.6447,118.679,117.5029,117.7604,5945861
2019-04-04,117.5029,117.6187,116.0091,116.3868,5844568
2019-04-05,116.7903,117.2539,116.4984,116.9105,4643241
2019-04-08,116.7989,117.1938,116.4984,116.8761,4329988
2019-04-09,116.756,116.9792,115.5197,116.3868,5210292
2019-04-10,116.6615,116.8676,116.1808,116.3954,4194170
2019-04-11,116.7216,116.9105,115.3995,116.0777,4485211
2019-04-12,116.0863,117.0564,115.6828,116.7388,5704494
2019-04-15,116.756,117.4342,116.5843,117.2024,5038600
2019-04-16,118.7477,120.7909,118.0952,118.4901,10745704
2019-04-17,119.3315,120.3151,118.1897,118.9194,9477837
2019-04-18,119.6319,120.396,116.5413,118.0609,10485289
2019-04-22,117.5973,118.8936,117.1487,118.327,4666537
2019-04-23,117.975,120.9197,117.8291,120.1041,5790432
2019-04-24,119.8895,120.3101,119.2119,119.5032,5667233
2019-04-25,118.9194,119.9925,118.4386,119.8895,5218088
2019-04-26,120.0869,120.6398,119.5976,120.5248,4613583
2019-04-29,120.4904,120.5591,119.8294,120.0526,4275158
2019-04-30,120.3531,121.4348,119.297,121.2202,6003702
2019-05-01,121.0055,122.2074,119.9753,121.864,6656335
2019-05-02,121.8297,122.0357,120.293,121.2888,8835587
2019-05-03,121.2974,121.9842,121.1171,121.9155,5213043
2019-05-06,120.4046,122.113,120.1299,121.9842,5818880
2019-05-07,120.8939,121.3747,119.383,120.1642,6606634
2019-05-08,120.3617,120.9798,119.9324,120.0097,4666957
2019-05-09,119.2885,119.6062,118.1639,119.0997,5604201
2019-05-10,118.8421,119.5461,117.1079,119.3744,4771623
2019-05-13,118.3442,118.5245,117.2111,117.7862,5560421
2019-05-14,117.6488,118.3356,117.3827,117.4599,6021334
2019-05-15,117.5286,118.0351,116.1808,117.5372,6429257
2019-05-16,117.9493,119.4971,117.5887,118.6532,6856035
2019-05-17,117.6145,119.3572,117.4943,118.9966,6915286
2019-05-20,118.9966,119.2971,118.1982,118.8335,4771127
2019-05-21,119.4345,119.8208,118.5416,118.576,4859048
2019-05-22,118.7734,119.2885,118.0308,119.1254,5456839
2019-05-23,118.9022,120.0612,118.1897,120.0097,6950887
2019-05-24,120.5801,120.5801,119.7676,120.0183,5473499
2019-05-28,120.1479,121.4358,118.4192,118.4797,11919579
2019-05-29,117.4597,117.4597,111.0893,113.5182,23247405
2019-05-30,113.6132,114.8061,113.3799,114.1924,7360838
2019-05-31,113.6824,114.0973,112.0314,113.3626,7810337
2019-06-03,113.6651,114.443,113.2675,113.6132,8434615
2019-06-04,114.6159,116.0854,114.5986,115.5927,6648900
2019-06-05,116.4311,116.8028,115.705,116.1545,6860551
2019-06-06,116.604,118.9897,116.336,118.1426,9115122
2019-06-07,118.9291,120.6579,118.5402,119.7589,6533915
2019-06-10,119.8022,120.2776,118.9378,120.1652,4994663
2019-06-11,120.7357,121.5828,120.5801,120.8221,8230527
2019-06-12,121.2716,123.5276,121.2716,122.4644,9216486
2019-06-13,122.499,122.6978,121.1938,121.626,7500227
2019-06-14,122.0755,122.2959,121.0469,121.0901,6548166
2019-06-17,121.0123,121.2197,120.3294,120.5282,5561181
2019-06-18,121.4963,121.8162,120.8308,121.2111,7122711
2019-06-19,121.0209,121.8507,120.9345,121.4013,6393534
2019-06-20,122.0928,123.0868,121.8767,122.9226,7335108
2019-06-21,122.2743,123.1084,121.8853,122.8188,11272212
2019-06-24,123.1041,124.2105,122.8188,123.6573,5894220
2019-06-25,123.8388,125.3169,123.7696,124.6772,7517035
2019-06-26,124.3401,124.3401,121.6692,122.6114,7674128
2019-06-27,122.9398,123.1732,121.5352,121.6087,5233254
2019-06-28,121.6519,121.9631,119.72,120.3899,12792432
2019-07-01,121.1852,121.237,119.9059,120.4591,5869417
2019-07-02,120.3381,121.0382,119.88,121.0382,4501207
2019-07-03,121.8767,122.8966,121.6951,122.862,3436339
2019-07-05,122.5163,122.6232,121.3321,121.505,4652409
2019-07-08,121.116,121.9458,120.6968,121.8507,4078372
2019-07-09,122.2743,123.1473,121.7989,122.2311,4217453
2019-07-10,122.5509,122.7324,121.5914,122.0582,4867925
2019-07-11,121.8248,122.0582,120.1652,121.1074,5817022
2019-07-12,121.116,121.116,114.3739,116.0854,17774355
2019-07-15,117.0275,117.866,116.215,116.4397,10038224
2019-07-16,114.9012,115.6791,113.8812,114.5295,10212161
2019-07-17,114.5208,115.463,113.5873,113.9763,8861410
2019-07-18,114.2097,114.5381,113.3799,114.1578,6203256
2019-07-19,114.3134,114.4344,112.5328,112.6365,8339882
2019-07-22,112.3686,112.4982,110.5015,111.193,12625022
2019-07-23,111.1671,111.8931,110.7738,111.3659,5781339
2019-07-24,111.4005,112.187,111.1325,112.1784,6838620
2019-07-25,112.4204,113.691,112.0833,113.3366,8897800
2019-07-26,113.4922,113.4922,112.7921,112.9995,4894564
2019-07-29,113.2329,115.2296,112.5501,114.979,7831425
2019-07-30,114.5036,114.5208,113.4663,114.1664,5509611
2019-07-31,113.7861,114.0973,112.5241,112.5587,8559201
2019-08-01,112.5933,113.0082,111.5215,112.6192,7870057
2019-08-02,113.1119,113.6392,112.1698,113.2934,6574944
2019-08-05,113.1551,113.6305,111.5128,112.5068,9478241
2019-08-06,112.6624,113.4231,112.0142,113.0341,7880076
2019-08-07,111.8154,113.1508,110.804,112.5501,6771618
2019-08-08,113.2156,114.0498,112.5674,113.8207,5260024
2019-08-09,113.9244,114.7542,113.4317,114.1319,4677316
2019-08-12,113.6651,114.7024,113.4836,114.2297,6219688
2019-08-13,114.3566,115.9125,114.0973,115.3247,5101199
2019-08-14,114.5554,114.5641,112.4809,112.5933,7736220
2019-08-15,112.5155,113.2934,111.7203,112.8353,7251225
2019-08-16,113.6392,113.8121,112.8829,113.5441,5858863
2019-08-19,114.5295,114.59,113.9417,114.3134,4957986
2019-08-20,114.0627,114.6678,112.7662,112.8872,7302010
2019-08-21,113.838,114.4517,113.1033,113.691,6912851
2019-08-22,113.7515,114.2097,113.0607,113.4663,7213538
2019-08-23,113.2934,113.4577,109.8878,110.4064,15714276
2019-08-26,110.1385,110.709,109.4556,110.4669,8894690
2019-08-27,112.2648,114.443,111.5906,112.0574,20186781
2019-08-28,110.5188,111.3918,109.7841,111.2276,9885221
2019-08-29,111.3659,111.6771,109.6285,110.8473,6749890
2019-08-30,110.8732,111.5906,110.3113,110.951,7371081
2019-09-03,110.6312,111.4869,110.2163,111.2794,5710209
2019-09-04,111.9277,112.0142,110.709,111.3832,4807203
2019-09-05,112.2821,112.2821,110.9078,111.1411,4754074
2019-09-06,111.4005,111.703,110.7003,110.8213,6758329
2019-09-09,110.6398,110.7781,109.421,109.7322,7683867
2019-09-10,110.0952,111.9796,109.2049,111.9796,8239477
2019-09-11,112.2475,113.4749,111.5733,113.3799,6201271
2019-09-12,113.5441,113.8985,112.4204,112.7402,5249672
2019-09-13,113.5182,113.7256,112.334,113.0428,5369774
2019-09-16,112.4636,113.0168,111.7894,111.9709,5101689
2019-09-17,112.0228,112.8007,111.5993,112.0833,5002481
2019-09-18,112.2821,112.8526,111.314,112.7229,4450470
2019-09-19,112.0487,113.3972,111.8154,112.4636,4857135
2019-09-20,113.2329,114.0973,112.6192,113.7948,12244854
2019-09-23,113.2502,114.1405,112.7921,113.8726,5420693
2019-09-24,114.1837,114.7715,113.5268,113.7083,7131378
2019-09-25,113.6651,113.7299,112.5674,113.2243,4559488
2019-09-26,113.3107,113.5002,110.6657,111.3745,7705784
2019-09-27,111.1671,111.8499,109.5161,111.1584,6006547
2019-09-30,111.5647,112.6106,111.5042,111.8326,6825480
2019-10-01,112.3858,113.06,112.1697,112.3599,7703592
2019-10-02,114.7542,116.4311,113.4231,114.0973,12088624
2019-10-03,113.7861,114.4184,112.3772,113.3972,7350005
2019-10-04,113.5268,115.584,113.449,115.5322,7239215
2019-10-07,115.0395,115.6748,114.2223,115.1,5436611
2019-10-08,114.4863,115.1907,113.6565,113.959,7903562
2019-10-09,113.3539,113.449,111.0893,111.6943,7851918
2019-10-10,111.461,112.4705,111.1844,111.556,5265501
2019-10-11,113.3539,114.6332,113.0773,113.5182,7187281
2019-10-14,113.5441,113.5441,112.7316,112.9909,5850110
2019-10-15,114.9617,116.0421,114.1837,114.8234,10044171
2019-10-16,116.604,118.0648,115.6532,116.8374,12463359
2019-10-17,117.5202,118.8427,117.2523,117.7017,8612172
2019-10-18,115.2296,116.161,110.3805,110.3805,25866848
2019-10-21,111.2189,112.0833,109.8273,110.6571,14106326
2019-10-22,111.2967,112.8353,110.7176,111.6771,7625439
2019-10-23,112.0747,112.7834,111.5647,112.2821,6721296
2019-10-24,112.7316,112.8699,108.9975,110.2076,12144516
2019-10-25,110.4929,111.5906,110.0434,110.9423,6946727
2019-10-28,111.1757,112.3686,111.0806,111.6598,7875903
2019-10-29,112.1092,112.3426,111.1239,111.6117,4448464
2019-10-30,115.221,115.4198,113.8639,114.8234,9625878
2019-10-31,114.4258,114.8234,113.1378,114.1319,7686593
2019-11-01,114.1405,114.9617,113.3539,113.4058,5540679
2019-11-04,113.9244,114.0541,112.4463,112.5674,6139403
2019-11-05,112.8267,113.6392,112.092,112.7316,6251180
2019-11-06,112.7316,113.6478,112.1092,113.1983,5449972
2019-11-07,113.8639,114.4258,113.2416,113.6046,5873726
2019-11-08,113.4922,114.9962,113.207,114.9617,5002928
2019-11-11,114.3307,114.5508,113.5182,114.08,4368140
2019-11-12,114.0973,114.1751,113.2502,113.5355,5228727
2019-11-13,113.2675,113.6539,112.9909,113.4663,5921189
2019-11-14,113.2589,113.5441,112.4896,113.1983,4217462
2019-11-15,113.449,116.6645,113.0428,116.6386,10495109
2019-11-18,116.0162,117.2868,114.6678,116.5435,9291804
2019-11-19,116.6904,116.8546,116.0076,116.5348,5191041
2019-11-20,116.7855,117.8487,115.8866,117.5029,7594445
2019-11-21,117.5029,118.2895,116.6904,117.9351,6424067
2019-11-22,118.1166,119.8281,117.987,119.344,9235789
2019-11-25,119.2915,119.805,118.5778,119.3959,6111905
2019-11-26,118.778,119.5352,117.6291,119.3872,10643924
2019-11-27,119.3785,120.3272,119.1522,119.892,5522950
2019-11-29,119.7615,120.3446,119.187,119.6657,3278854
2019-12-02,119.8659,119.979,119.1087,119.5526,4717081
2019-12-03,119.1609,119.6309,118.5081,119.3785,6414079
2019-12-04,120.5448,121.624,120.1444,121.3107,7257259
2019-12-05,121.2846,121.6284,120.0661,121.4674,5472944
2019-12-06,121.3803,123.2255,121.3803,122.1811,6640427
2019-12-09,122.1898,122.5553,121.9026,122.2855,4240984
2019-12-10,122.5466,122.7207,121.772,121.8416,5310334
2019-12-11,122.6598,123.5736,122.3986,122.7033,6498780
2019-12-12,122.9992,123.6433,122.4857,123.0166,5011366
2019-12-13,122.8077,123.417,122.1201,123.0514,4257188
2019-12-16,123.356,124.3308,123.1472,123.4083,5352878
2019-12-17,124.4614,125.3753,124.0436,124.9488,10720002
2019-12-18,125.0881,125.2273,124.2351,124.6268,7141074
2019-12-19,125.236,126.968,124.9923,126.5067,9414733
2019-12-20,127.8384,128.6739,126.028,127.1247,14482499
2019-12-23,126.8462,127.7339,126.4981,127.4554,6558748
2019-12-24,127.0725,127.0812,126.4284,127.0116,4238924
2019-12-26,127.0464,127.2315,126.3414,126.9245,3019298
2019-12-27,127.2465,127.5512,126.6721,126.8549,3432681
2019-12-30,126.881,127.2465,126.2282,126.4632,2923349
2019-12-31,126.2892,127.0812,126.0106,126.9593,4434991
2020-01-02,126.9593,127.0899,126.2717,127.0464,5776962
2020-01-03,124.8966,126.5268,124.4614,125.5755,5752392
2020-01-06,125.3318,125.5058,124.3308,125.4188,7730593
2020-01-07,125.3405,126.5938,123.0514,126.1847,7385397
2020-01-08,126.089,127.0551,125.0706,126.1673,6605760
2020-01-09,126.8636,127.0986,126.1934,126.5416,6112742
2020-01-10,126.8549,127.2291,126.1151,126.2543,5042624
2020-01-13,126.6199,126.8897,125.9584,126.8114,4593245
2020-01-14,126.2456,127.6034,125.9671,127.5251,7037472
2020-01-15,127.4206,128.2866,127.2814,127.9515,4960248
2020-01-16,128.3084,129.5443,127.2465,128.9873,6476010
2020-01-17,129.17,130.0404,128.7523,129.8315,9083579
2020-01-21,129.318,130.7019,129.2484,129.9186,9529978
2020-01-22,127.6817,129.8402,127.0725,129.0308,10304806
2020-01-23,128.848,129.4834,127.7296,129.2745,8671208
2020-01-24,129.318,129.6357,128.7523,129.0917,9051928
2020-01-27,128.3954,130.0839,127.9428,129.466,7585884
2020-01-28,129.2136,131.05,128.9437,130.1187,7336569
2020-01-29,130.0752,131.5896,129.7967,131.0239,6288524
2020-01-30,130.58,130.9978,129.7271,130.8672,6470057
2020-01-31,130.3363,130.5539,129.3702,129.5704,8651722
2020-02-03,130.0491,130.9804,129.8924,130.7019,5765151
2020-02-04,131.8507,132.9474,131.5983,131.9465,6541394
2020-02-05,132.0509,134.0528,131.6941,134.0266,5979924
2020-02-06,134.2529,134.4705,132.9387,133.6263,6201072
2020-02-07,133.4609,133.561,131.903,132.1989,5699606
2020-02-10,132.0161,132.2163,131.3295,132.1728,4835632
2020-02-11,132.547,132.6254,131.8943,132.2859,3715329
2020-02-12,132.1815,132.4252,131.3546,131.5026,5166684
2020-02-13,130.6932,131.4634,130.4495,130.6322,5480205
2020-02-14,131.0413,131.1109,129.8141,130.6671,5716330
2020-02-18,130.963,131.198,129.7358,129.8054,7230679
2020-02-19,129.8663,130.345,129.318,129.6313,6115185
2020-02-20,129.3441,130.0143,128.2947,129.1352,7464688
2020-02-21,128.8915,130.7628,128.4128,130.493,7774872
2020-02-24,128.3378,130.5279,127.2428,127.821,10588834
2020-02-25,127.8911,128.5568,125.9989,126.7172,10529048
2020-02-26,127.3304,128.0926,125.7886,125.8674,10093699
2020-02-27,124.8863,126.8223,121.7238,121.8728,12564321
2020-02-28,118.5789,120.2696,114.6018,117.808,19820042
2020-03-02,118.0708,122.7576,117.3996,122.6612,11506198
2020-03-03,122.6437,123.5109,116.5991,118.7804,13659922
2020-03-04,120.6113,125.8324,120.1382,125.6922,10560253
2020-03-05,123.3445,124.9914,122.5035,124.4045,11338213
2020-03-06,121.3121,125.2805,120.3748,124.422,12237800
2020-03-09,119.4287,122.3633,118.1759,119.525,13844632
2020-03-10,122.6174,124.3519,117.589,124.0804,12694792
2020-03-11,120.9705,121.5486,115.1974,115.4603,17225225
2020-03-12,111.5269,117.1816,109.0653,109.8624,21527516
2020-03-13,113.2877,118.1935,109.1967,117.6416,20077612
2020-03-16,108.2506,117.1773,107.2519,111.3692,18831801
2020-03-17,112.6132,119.8141,111.9649,119.6564,18908704
2020-03-18,114.777,118.8501,112.7533,118.2285,17517697
2020-03-19,118.2548,118.2548,110.5107,111.2991,18472429
2020-03-20,111.1064,111.6408,103.485,105.0268,19781100
2020-03-23,102.4951,103.8617,95.627,97.3616,20804628
2020-03-24,104.0369,104.8165,99.7443,104.4048,17591238
2020-03-25,104.1683,108.5922,102.233,104.5975,13982393
2020-03-26,105.6225,111.3429,105.456,110.8786,15066578
2020-03-27,106.5686,111.7985,105.6312,107.8914,12130223
2020-03-30,112.5343,117.3788,111.6933,116.5202,21654258
2020-03-31,118.2548,118.8853,113.9272,114.8733,15717779
2020-04-01,111.8685,114.0849,109.9413,112.8409,12602084
2020-04-02,113.1125,117.3875,111.4481,116.6429,11590925
2020-04-03,115.9684,118.0752,115.2675,117.5364,10068187
2020-04-06,120.0244,123.4934,118.7366,122.4334,14988342
2020-04-07,122.521,124.422,120.2434,120.4361,11558850
2020-04-08,120.6726,126.2617,120.2784,125.4995,10755259
2020-04-09,126.1565,127.3917,122.889,123.7212,11122962
2020-04-13,122.6437,123.9489,120.7518,122.4422,8137084
2020-04-14,127.3917,129.1438,126.1916,127.9261,13821935
2020-04-15,127.5056,129.573,125.7448,129.354,11950329
2020-04-16,129.9234,131.9996,128.2853,131.1148,12152056
2020-04-17,133.1472,133.4188,131.0535,133.1735,10916140
2020-04-20,132.2186,134.032,131.4828,132.8669,12222908
2020-04-21,131.5091,132.8406,130.1512,131.1236,9944599
2020-04-22,133.8656,135.7841,132.9195,134.0233,11500550
2020-04-23,135.127,137.5361,134.6442,136.2308,10692667
2020-04-24,136.2834,136.9229,134.5927,135.6614,8652827
2020-04-27,135.6176,136.7039,134.908,135.1621,8921154
2020-04-28,132.499,134.1196,132.0172,132.6216,8555906
2020-04-29,132.6128,132.8319,130.6681,131.6142,9277877
2020-04-30,130.0549,131.7806,128.916,131.439,14826054
2020-05-01,131.071,131.1148,128.5919,129.9059,7307309
2020-05-04,130.3264,130.598,128.8547,129.8884,7195484
2020-05-05,130.5279,132.0872,130.2125,130.9659,6561193
2020-05-06,131.4039,131.6843,129.6869,129.722,6190061
2020-05-07,130.852,130.9878,128.8898,129.2927,5570411
2020-05-08,130.4578,130.6856,129.5555,130.2651,4712057
2020-05-11,130.0461,131.4915,129.757,130.6243,5885409
2020-05-12,131.4915,131.7018,128.8021,128.8985,7034686
2020-05-13,127.9699,130.4841,127.9086,128.8897,6967453
2020-05-14,127.3655,129.4416,126.3729,129.3365,6869276
2020-05-15,129.538,131.8244,127.602,131.7894,10336124
2020-05-18,133.5852,134.5751,131.8069,131.8595,7388132
2020-05-19,131.4915,132.3676,130.0023,130.5454,6105696
2020-05-20,131.1849,131.7456,129.0124,129.3716,5710251
2020-05-21,130.0899,130.0899,127.7421,128.5218,6537292
2020-05-22,127.5331,129.046,127.0832,127.3567,6137464
2020-05-26,128.9622,129.1828,127.2949,127.5243,7071250
2020-05-27,127.3126,128.133,126.157,127.8154,7947858
2020-05-28,128.8122,130.656,128.627,129.6503,6189565
2020-05-29,130.5236,131.7498,128.2036,131.2205,8503996
2020-06-01,129.9326,130.8588,128.8034,129.8444,6141675
2020-06-02,129.7297,130.8677,128.9005,130.7795,6073895
2020-06-03,131.0176,131.5646,129.1907,131.1323,6338069
2020-06-04,129.5003,130.8853,128.4241,129.4386,8168982
2020-06-05,130.2854,132.0056,129.3239,129.9414,9724303
2020-06-08,128.6887,130.2149,128.5652,129.4739,7552228
2020-06-09,130.7795,131.7322,128.4858,128.7593,8246292
2020-06-10,129.3239,132.3497,129.3239,130.3825,10097406
2020-06-11,131.0706,131.591,124.1633,124.2691,11906959
2020-06-12,126.007,126.7716,123.7487,125.3983,8685742
2020-06-15,124.3838,125.6162,122.9648,124.6044,8649237
2020-06-16,127.1097,128.2846,125.9452,127.4361,7578979
2020-06-17,127.8242,128.283,126.5628,127.0479,5092430
2020-06-18,125.7247,127.1317,125.1513,126.5098,4667086
2020-06-19,128.6094,128.6887,126.3687,126.8803,12206940
2020-06-22,126.5628,126.7304,125.2924,126.4922,5281358
2020-06-23,126.8009,127.1009,125.8659,126.0246,5920721
2020-06-24,124.8161,125.4336,122.3725,123.3429,8208504
2020-06-25,124.0045,124.0045,121.3316,123.2106,7419386
2020-06-26,123.0871,123.1488,120.8729,121.5698,12848714
2020-06-29,122.3902,123.237,121.7197,122.6548,5307332
2020-06-30,122.9724,124.4015,121.5962,124.0574,7732875
2020-07-01,124.1104,124.7279,123.5546,123.8369,6196949
2020-07-02,124.6044,125.1236,123.7928,124.3574,5150554
2020-07-06,125.416,126.8274,125.1601,126.1305,6153674
2020-07-07,124.7279,127.0038,124.5867,126.0158,5620698
2020-07-08,126.0335,126.4922,125.0013,126.3863,6257395
2020-07-09,125.9364,127.4052,124.0133,125.6982,5737306
2020-07-10,125.9276,126.0335,124.7587,125.5924,4277968
2020-07-13,126.6863,129.3583,126.3951,128.0977,6950220
2020-07-14,128.1947,130.903,128.1418,130.4883,7440397
2020-07-15,132.085,132.5041,130.7618,130.7883,8496297
2020-07-16,131.1588,131.741,129.3945,131.6616,9257372
2020-07-17,132.3232,132.8328,131.1676,131.7498,7440369
2020-07-20,132.5261,132.6055,130.9382,131.9704,6189233
2020-07-21,131.9704,133.796,131.8821,132.0939,5575882
2020-07-22,132.2615,132.6805,130.4266,132.332,5916769
2020-07-23,132.5085,133.0731,131.6881,131.9792,6555650
2020-07-24,132.7643,132.8525,129.7032,130.6648,5358950
2020-07-27,130.0032,131.3705,129.5533,129.8355,5673807
2020-07-28,130.0296,130.5501,129.4562,129.5268,4841223
2020-07-29,129.1386,130.0914,128.8564,129.271,4487398
2020-07-30,130.0649,130.1178,128.9181,129.5356,5914930
2020-07-31,129.3768,130.0737,126.995,128.5829,8259432
2020-08-03,129.1386,130.3737,128.9269,129.9855,4078672
2020-08-04,129.6679,129.8708,128.64,129.8708,4160347
2020-08-05,131.5293,131.7145,130.3825,130.9118,5480439
2020-08-06,130.9118,131.6616,129.2357,130.1619,4836727
2020-08-07,130.1267,131.1323,129.8091,131.0882,3634254
2020-08-10,131.3176,131.4499,130.3119,130.5854,4095795
2020-08-11,131.5646,131.644,129.121,129.6503,6383021
2020-08-12,130.1531,132.5349,130.109,132.0233,5257153
2020-08-13,131.0353,131.6087,130.1443,130.5589,5153714
2020-08-14,130.2149,131.741,130.1884,130.7706,4238812
2020-08-17,130.8412,132.5261,130.7618,131.4322,4305180
2020-08-18,131.6704,132.4114,131.0617,132.4026,4321480
2020-08-19,131.9527,133.717,131.7234,132.6673,7814714
2020-08-20,132.1027,133.717,131.9225,133.5759,4872196
2020-08-21,133.8935,135.5431,132.8438,134.758,6719209
2020-08-24,135.6348,135.7768,133.5124,135.1108,5387306
2020-08-25,135.6703,135.9278,134.5647,135.0309,3862284
2020-08-26,134.8533,135.5548,133.7699,135.244,8006122
2020-08-27,135.3506,136.0965,134.8799,135.8479,5574223
2020-08-28,135.6348,136.4872,134.8888,136.434,5394989
2020-08-31,135.8656,137.1089,135.209,136.2297,6360268
2020-09-01,136.6382,136.8247,133.2638,134.5514,6307635
2020-09-02,133.9031,137.0467,132.5312,136.6027,6875450
2020-09-03,137.4907,138.059,131.692,132.802,8669096
2020-09-04,133.3526,134.0452,130.653,131.9495,7199376
2020-09-08,133.4236,133.9919,130.4488,130.7685,8753323
2020-09-09,131.5588,134.1784,131.5321,132.9352,6959113
2020-09-10,132.5356,133.0062,130.1113,130.4577,6189994
2020-09-11,130.582,131.8962,130.209,131.2302,3933369
2020-09-14,131.5321,132.731,131.4345,131.7364,4374423
2020-09-15,132.7132,133.7255,131.8874,132.2159,3658251
2020-09-16,132.6599,133.2549,131.7365,131.7808,4322268
2020-09-17,131.4611,131.985,129.694,130.6885,5460465
2020-09-18,130.1025,132.8908,129.8272,132.4734,12172144
2020-09-21,131.0526,131.3634,126.95,128.8504,7572140
2020-09-22,128.4863,129.0724,127.6249,128.06,5294196
2020-09-23,130.9638,131.026,128.211,128.2643,8766076
2020-09-24,128.3708,128.9836,127.2875,128.4685,5495301
2020-09-25,127.8735,129.8716,127.7759,129.3476,5527162
2020-09-28,130.2978,131.6831,130.0225,130.6353,5841443
2020-09-29,131.0704,131.3545,129.7028,130.5909,6768195
2020-09-30,130.9372,132.9618,130.3955,132.207,8481477
2020-10-01,132.5889,132.8908,130.0581,130.8217,6455431
2020-10-02,129.836,131.7897,129.4986,129.8627,5481997
2020-10-05,130.5376,131.763,130.0225,131.6298,4991937
2020-10-06,131.6742,131.9673,129.5341,129.8804,5116156
2020-10-07,130.0847,131.6298,129.4808,131.319,5600928
2020-10-08,131.8696,133.0684,131.4611,132.2159,4377688
2020-10-09,132.8908,134.5159,132.7088,134.063,5049976
2020-10-12,134.6224,135.9917,134.1074,134.8355,7244979
2020-10-13,132.3136,133.3082,131.2213,131.7453,11050364
2020-10-14,132.1538,132.3402,130.8839,131.5144,7706426
2020-10-15,130.9638,131.3368,129.9426,130.7063,5978567
2020-10-16,131.0704,132.1005,130.5465,131.5144,6096978
2020-10-19,131.8962,132.2248,127.989,128.1577,7248442
2020-10-20,128.4596,129.4276,127.9801,128.362,5325374
2020-10-21,127.9801,129.0635,127.7936,127.8114,5218217
2020-10-22,128.0156,129.3743,127.7315,128.8326,5279336
2020-10-23,129.543,130.9549,128.1843,128.9747,4146329
2020-10-26,128.2554,128.5573,126.7635,127.8469,6926910
2020-10-27,127.6427,128.1311,126.9145,127.1187,4770090
2020-10-28,125.5869,126.0798,122.7053,122.8652,8422659
2020-10-29,122.5455,123.1671,120.8139,121.8262,7201947
2020-10-30,121.3733,122.137,118.6826,121.7552,7364054
2020-11-02,123.4157,123.4424,122.0926,123.1582,7084049
2020-11-03,124.3393,125.174,122.3501,122.9895,6356436
2020-11-04,123.8686,126.577,123.1671,123.7887,10259887
2020-11-05,124.8099,125.9466,123.6644,124.1084,8012459
2020-11-06,124.6767,127.1543,124.0107,126.3195,5941783
2020-11-09,131.803,132.3047,128.6905,129.7206,12340531
2020-11-10,130.7596,132.0916,129.8804,131.6742,7385210
2020-11-11,132.4646,132.4912,130.4133,131.248,6379490
2020-11-12,131.0793,132.0028,130.3188,131.692,4710207
2020-11-13,132.3935,133.5657,131.7897,133.1128,5893495
2020-11-16,134.0186,134.356,133.0249,133.9564,6263223
2020-11-17,133.2016,133.7611,132.4202,132.6244,7295930
2020-11-18,132.1982,132.9885,130.8661,130.8661,6659728
2020-11-19,130.804,130.9461,129.2827,130.6619,7983620
2020-11-20,130.582,131.3723,129.765,129.9693,6354846
2020-11-23,130.5687,130.5687,127.9128,128.655,7306403
2020-11-24,128.7712,129.4553,128.4225,128.655,11033705
2020-11-25,128.8249,128.9233,127.7518,128.4851,7592967
2020-11-27,129.2184,129.3599,128.0737,128.7712,3059001
2020-11-30,128.9769,129.5403,127.9307,129.3793,15653651
2020-12-01,130.8191,133.3587,130.4345,131.8564,9738161
2020-12-02,132.2141,133.8774,132.08,132.4734,7742757
2020-12-03,132.384,133.7611,132.071,133.2425,7305789
2020-12-04,133.9489,134.4139,133.4839,134.3782,6745566
2020-12-07,133.5555,134.0562,132.8043,133.2156,6632769
2020-12-08,134.1367,136.0504,133.7343,135.5228,8336413
2020-12-09,136.6674,137.2666,135.7061,136.9089,8432131
2020-12-10,136.6585,136.8016,135.639,136.1488,7390688
2020-12-11,135.5049,137.1861,135.2366,136.7747,5971806
2020-12-14,137.043,137.2487,133.2335,133.3051,8543938
2020-12-15,134.1367,134.8074,133.7164,134.6464,7662558
2020-12-16,134.3156,134.9594,133.7343,133.8416,8483534
2020-12-17,134.2172,137.6109,134.0965,137.3739,9918616
2020-12-18,137.4007,138.6974,135.6301,138.1698,17130825
2020-12-21,135.9341,137.1861,134.1814,136.8373,7888388
2020-12-22,136.2829,137.6243,135.8,136.5691,4546992
2020-12-23,136.6406,137.3587,135.8358,135.8715,4605664
2020-12-24,135.7911,136.8552,135.7642,136.3455,2114901
2020-12-28,137.1056,137.5974,136.1935,136.9894,3854022
2020-12-29,137.8121,138.5453,137.5348,137.8389,5208600
2020-12-30,138.3754,139.842,138.2502,139.5469,5412136
2020-12-31,139.9761,140.9866,138.7061,140.7362,5098167
2021-01-04,140.611,140.7362,137.8299,139.9493,11764485
2021-01-05,139.7257,141.9703,138.6705,141.5947,9598286
2021-01-06,140.611,143.2848,140.146,142.9271,8228003
2021-01-07,142.1849,144.0002,141.6037,143.41,7741459
2021-01-08,143.5352,144.0628,142.9719,143.1149,8225797
2021-01-11,143.5799,144.2596,141.9792,142.5158,7066137
2021-01-12,142.3191,142.7751,140.6915,141.4069,6900326
2021-01-13,141.4963,141.6976,140.1729,141.1923,6577018
2021-01-14,143.4816,144.8229,142.7304,143.6604,10022717
2021-01-15,143.3474,144.3363,142.2795,143.3474,7618477
2021-01-19,144.8677,145.7977,144.0628,145.5652,9048173
2021-01-20,145.9407,146.7813,144.6888,145.2075,6838290
2021-01-21,144.2596,145.2969,143.1328,144.6262,6817536
2021-01-22,145.1896,147.689,144.7514,146.2537,8121955
2021-01-25,147.5593,148.5251,146.3521,148.4267,9899568
2021-01-26,151.7533,155.2856,151.4761,152.4508,14184804
2021-01-27,151.2347,152.8443,149.7413,150.1258,14198120
2021-01-28,150.412,152.7907,150.0543,151.2704,8925884
2021-01-29,146.8886,148.4446,143.5734,145.8781,22465609
2021-02-01,147.8276,147.8276,145.4042,145.5026,9963197
2021-02-02,146.1017,146.3521,144.1344,144.197,11434103
2021-02-03,143.9198,144.4384,142.6946,143.5263,8600635
2021-02-04,143.9734,144.9481,142.8645,144.8587,7531841
2021-02-05,147.4252,147.9439,146.531,147.0586,9482959
2021-02-08,147.5772,148.3736,146.5488,147.4788,6025739
2021-02-09,147.7292,148.9722,147.5236,148.6861,5537328
2021-02-10,150.1348,150.1795,148.1764,149.169,5917896
2021-02-11,149.3389,149.6787,148.0869,148.4983,4868025
2021-02-12,147.0138,149.2047,146.6561,148.9633,4410900
2021-02-16,148.9633,149.3836,147.2285,147.613,5650938
2021-02-17,147.5236,148.5251,146.9781,148.1406,6678115
2021-02-18,147.5146,148.5877,146.9244,148.2121,5188693
2021-02-19,148.0869,148.4089,145.6814,145.744,8181750
2021-02-22,145.6546,146.2575,144.2329,145.6546,6441974
2021-02-23,145.3037,146.8424,144.3318,144.3678,7040720
2021-02-24,146.1315,147.9221,144.7998,146.3025,10258094
2021-02-25,146.7884,147.3013,145.7626,146.4554,9709095
2021-02-26,145.7716,146.1405,142.1453,142.5862,14341538
2021-03-01,145.2767,145.3486,143.1531,143.36,10538160
2021-03-02,143.774,144.6738,142.7122,143.0901,7601022
2021-03-03,142.3972,142.9821,140.427,140.5706,8488420
2021-03-04,140.3636,140.4626,136.2964,137.7361,11010574
2021-03-05,138.555,140.9935,137.7901,140.4626,8326195
2021-03-08,141.2724,143.369,140.3546,141.6324,6544147
2021-03-09,141.1735,144.6468,141.1735,141.9023,7450628
2021-03-10,142.9101,143.8774,141.5964,143.2071,6632214
2021-03-11,143.558,144.5388,143.0001,143.1981,6300221
2021-03-12,143.324,144.2509,143.2431,143.612,5473102
2021-03-15,143.747,144.5658,142.6222,144.3498,5523565
2021-03-16,144.3858,145.4836,144.1879,145.2047,6368301
2021-03-17,144.7188,145.5286,143.549,144.6648,5999558
2021-03-18,144.1609,145.3127,143.9359,144.3948,4799456
2021-03-19,144.5928,145.3217,143.495,144.0079,14890308
2021-03-22,142.4512,144.5568,142.1723,144.4218,7219346
2021-03-23,144.1609,145.0521,142.9641,144.2869,7176295
2021-03-24,144.0619,146.2035,143.8099,145.6906,6368058
2021-03-25,146.1675,146.1765,144.5478,145.7446,6261420
2021-03-26,145.8525,148.561,145.2137,148.4081,7616440
2021-03-29,147.4182,150.2977,147.2395,149.4069,8532261
2021-03-30,148.489,149.0649,147.7782,148.48,7234117
2021-03-31,148.435,148.822,147.3013,147.8862,8270035
2021-04-01,146.3115,147.4272,146.0055,146.5184,7226505
2021-04-05,147.2473,148.2461,146.3654,147.0583,7384844
2021-04-06,147.6432,148.0391,146.6714,147.0223,5069893
2021-04-07,147.1663,147.8232,146.9557,147.2203,4605855
2021-04-08,147.5712,147.6716,146.5364,146.6444,5035393
2021-04-09,145.8795,146.6084,143.774,145.0967,8411155
2021-04-12,144.9527,145.8436,144.2779,145.4476,5022723
2021-04-13,141.1465,143.9089,140.8495,143.504,18414829
2021-04-14,142.0193,144.0709,141.7583,143.8999,7714271
2021-04-15,144.6198,146.1225,144.1789,144.3228,7523803
2021-04-16,145.1777,146.2305,144.4758,145.9875,9048630
2021-04-19,146.2215,146.7704,144.7278,146.3924,8350333
2021-04-20,144.8717,150.9815,144.8717,149.8028,14048788
2021-04-21,149.7038,150.1897,148.732,149.9018,6332480
2021-04-22,149.2233,149.6228,148.1291,148.633,7232237
2021-04-23,148.0481,149.4249,147.5709,148.9389,6014684
2021-04-26,148.66,148.84,147.3553,147.6792,5995489
2021-04-27,147.3553,147.4902,146.1945,146.8334,6217008
2021-04-28,146.5454,146.8514,145.4566,145.7536,7440519
2021-04-29,145.6816,147.8052,145.6006,147.7512,6393776
2021-04-30,147.7062,147.8682,146.2395,146.4284,9077224
2021-05-03,147.2113,148.759,146.7794,148.66,6594075
2021-05-04,148.3181,151.0355,148.1741,150.9636,10178469
2021-05-05,150.7206,150.7206,150.0997,150.3337,5133431
2021-05-06,150.0817,151.067,149.5868,150.9366,5528948
2021-05-07,151.4405,152.2323,151.0175,151.6204,5315649
2021-05-10,152.8802,154.3469,152.2773,153.2131,8353879
2021-05-11,153.555,153.753,151.4225,151.9624,8217911
2021-05-12,151.6564,152.7902,151.1255,151.3505,6757195
2021-05-13,150.2437,153.6,150.2437,152.9342,8018482
2021-05-14,154.3019,154.4189,153.1231,153.1681,5797630
2021-05-17,153.3301,154.6708,153.2446,153.3211,5721022
2021-05-18,152.9522,154.1984,152.5472,153.3751,5844253
2021-05-19,152.8892,153.1141,151.2024,153.0421,5533336
2021-05-20,152.9162,154.4009,152.6912,153.933,4850007
2021-05-21,154.1669,155.4357,153.753,153.834,6501442
2021-05-24,154.7358,155.1432,153.7127,154.4189,5195117
2021-05-25,154.5275,154.8535,153.6855,153.9933,7444668
2021-05-26,153.9209,153.9933,152.3636,153.0789,5726333
2021-05-27,153.2509,154.0748,152.4541,152.8435,8113829
2021-05-28,153.4863,154.8308,153.1694,153.2418,6400810
2021-06-01,154.0567,154.102,149.7379,149.8737,10445425
2021-06-02,149.6654,150.9557,149.4934,150.4803,6804715
2021-06-03,150.1996,151.3405,150.0321,150.3354,5808286
2021-06-04,151.2092,151.7162,150.1815,150.2721,6510286
2021-06-07,150.2992,150.589,149.0603,149.2489,5359432
2021-06-08,149.6473,149.9914,146.7409,147.9361,7744650
2021-06-09,148.4793,150.1,148.1806,149.928,5552064
2021-06-10,150.2992,151.7253,150.254,151.2771,6461978
2021-06-11,151.268,151.2771,148.6876,149.3576,7388024
2021-06-14,148.9411,149.8103,148.3979,149.7288,4929401
2021-06-15,149.6021,150.1725,148.8415,148.9321,5062874
2021-06-16,149.2127,150.0729,148.0177,148.8777,6988139
2021-06-17,148.6604,150.0276,148.0357,149.593,5874715
2021-06-18,147.8274,148.6604,146.4874,146.6595,12966192
2021-06-21,147.3747,148.7193,146.9039,148.3435,6592246
2021-06-22,148.2258,148.5246,147.8365,148.1443,5627361
2021-06-23,148.2077,148.2077,147.1122,147.248,4492957
2021-06-24,147.8274,148.6695,147.4019,147.918,4547983
2021-06-25,147.5287,149.1946,147.4834,148.6785,10962564
2021-06-28,148.8868,149.4572,148.0538,148.5065,5602490
2021-06-29,148.4884,149.0679,147.9542,148.5156,3749513
2021-06-30,148.4884,149.3667,148.1896,149.1584,6150122
2021-07-01,149.1584,150.3083,149.0588,150.263,6317923
2021-07-02,150.3173,153.2871,149.9733,152.9974,9059387
2021-07-06,152.0286,152.8887,151.1956,152.0829,6097507
2021-07-07,151.6392,153.4682,151.6392,153.3867,6293448
2021-07-08,152.7439,153.432,151.7298,153.0879,5755479
2021-07-09,153.3505,154.2559,153.2328,153.6945,6120367
2021-07-12,153.6764,154.9893,152.599,153.4501,7833761
2021-07-13,152.9883,153.6991,152.7185,153.2599,4690408
2021-07-14,153.9209,154.6724,153.0517,154.3012,6155972
2021-07-15,153.2871,153.8304,151.8565,152.4451,6655731
2021-07-16,152.4179,153.097,152.0648,152.2006,5834853
2021-07-19,150.7338,152.2821,149.6835,151.096,8218952
2021-07-20,151.1141,154.6543,151.0598,152.5175,9896497
2021-07-21,153.2871,153.6402,151.6392,153.4591,7585061
2021-07-22,153.3414,154.8897,152.6986,153.9028,5281292
2021-07-23,154.8263,155.8903,154.265,155.5416,5014914
2021-07-26,155.5688,155.8585,154.7013,155.614,4484870
2021-07-27,155.5506,156.3836,154.5275,156.3293,7087923
2021-07-28,156.3927,156.9813,155.8042,155.8947,5750650
2021-07-29,156.4017,156.945,154.9033,155.8947,4213065
2021-07-30,156.2207,156.619,155.5869,155.9128,5346362
2021-08-02,156.1573,156.4923,155.0979,155.9762,3720357
2021-08-03,156.3927,157.9953,156.1301,157.8957,6031081
2021-08-04,157.7237,158.0768,156.8717,156.9631,4792488
2021-08-05,157.4068,157.4068,156.112,157.2619,4290687
2021-08-06,157.4882,157.4882,156.1392,156.7367,4580619
2021-08-09,157.2891,157.7689,156.5738,157.28,3949639
2021-08-10,156.8726,157.6422,156.438,157.3343,3678326
2021-08-11,157.7689,157.9681,157.1442,157.3615,4220714
2021-08-12,157.3796,158.7106,157.1713,158.6291,4299533
2021-08-13,158.7106,159.616,158.5566,159.5798,5881566
2021-08-16,159.8514,161.0646,159.3081,161.0194,4782665
2021-08-17,160.5395,162.5314,160.5395,162.4952,6040929
2021-08-18,162.5224,162.5224,160.3765,160.4308,7128934
2021-08-19,159.9148,162.3656,159.4168,161.6803,5613977
2021-08-20,161.9701,162.9026,161.2276,162.468,5425265
2021-08-23,162.4813,162.9731,161.7071,161.7709,6460957
2021-08-24,161.2062,161.4065,159.6487,159.7488,5733849
2021-08-25,160.0221,160.2134,158.3844,158.6923,5698182
2021-08-26,158.4373,159.1386,157.6175,157.8452,5024446
2021-08-27,158.7378,158.7378,157.3443,157.5082,7043971
2021-08-30,157.3807,158.7378,157.3716,158.1731,3252558
2021-08-31,158.0183,158.9291,157.0984,157.6904,7105520
2021-09-01,157.4809,158.246,156.7158,158.246,5326958
2021-09-02,158.7925,159.5667,158.4008,159.3299,4544280
2021-09-03,159.4847,159.594,158.3097,159.4301,4096451
2021-09-07,158.8016,159.4209,156.3606,156.9526,6844894
2021-09-08,156.315,157.5538,155.8232,156.5701,4656818
2021-09-09,155.9234,156.1875,152.7446,153.0816,7109022
2021-09-10,153.5188,154.0107,151.9887,152.0797,6696047
2021-09-13,152.945,153.1272,150.4038,151.0141,6272145
2021-09-14,151.5606,151.6881,149.8391,150.1033,5256219
2021-09-15,150.2854,151.1598,149.6569,150.668,7933651
2021-09-16,150.8774,151.6152,149.5477,150.4858,5665417
2021-09-17,149.6478,150.2034,148.9693,150.0577,13419407
2021-09-20,148.901,150.4403,147.7032,149.2015,7270489
2021-09-21,149.9302,151.178,149.5932,149.8573,6662328
2021-09-22,150.6042,151.1507,149.0376,149.3108,5655727
2021-09-23,149.7389,150.9867,149.5112,150.1579,4697117
2021-09-24,150.0577,150.8774,149.2744,149.7025,4399257
2021-09-27,149.3746,149.7025,148.3272,148.6186,5772873
2021-09-28,148.5549,149.2926,147.3444,148.2907,7609675
2021-09-29,148.4638,149.9757,148.2634,149.3928,5123165
2021-09-30,149.9575,150.6497,147.0156,147.0975,6972254
2021-10-01,147.1249,147.4619,144.4744,146.1594,8565448
2021-10-04,145.7222,146.6421,143.6125,145.0209,8620641
2021-10-05,145.6038,146.7423,144.9571,145.3488,5126738
2021-10-06,145.6129,145.6858,143.7639,145.6493,7311294
2021-10-07,145.7495,148.1086,145.7495,146.9518,5308372
2021-10-08,146.9336,147.1977,145.959,146.5784,4343157
2021-10-11,146.5146,147.4209,145.6767,145.959,4100537
2021-10-12,145.7313,145.8953,143.3085,143.6273,6684636
2021-10-13,143.7457,145.8042,143.682,145.0027,6901110
2021-10-14,145.4672,146.7696,145.367,145.8315,4579020
2021-10-15,146.6695,147.3799,146.1047,146.9154,6911935
2021-10-18,145.959,146.5419,145.0027,145.8406,7456133
2021-10-19,146.5511,150.422,146.3917,149.2562,10079397
2021-10-20,149.3564,150.0577,148.7006,149.1742,5997353
2021-10-21,149.6478,149.7298,147.808,148.8281,4521934
2021-10-22,148.5184,149.4292,148.4273,149.1196,4304347
2021-10-25,149.1196,149.6569,147.2888,149.4475,6714697
2021-10-26,149.8847,151.2236,149.4201,150.9685,6937010
2021-10-27,150.9048,150.9776,148.7416,149.1378,7018180
2021-10-28,149.1651,150.4676,147.8444,148.3272,6277513
2021-10-29,147.8717,148.6915,146.2869,148.3545,8526424
2021-11-01,148.6095,149.3564,145.1848,148.482,5846025
2021-11-02,149.1013,152.0905,148.4456,150.8228,8446970
2021-11-03,150.3218,150.9867,148.8554,150.3401,6716900
2021-11-04,150.2262,150.2763,148.1632,149.9211,8223861
2021-11-05,147.9901,149.9211,147.7351,148.8554,6213960
2021-11-08,149.0831,149.5294,147.5621,148.3454,5578808
2021-11-09,148.1086,149.0012,147.5712,148.0175,6111580
2021-11-10,148.0357,150.1397,147.8717,149.6205,6225074
2021-11-11,148.9101,149.2015,148.0012,148.5184,4115031
2021-11-12,152.4987,152.6718,149.9302,150.2945,18981284
2021-11-15,150.2854,150.7044,148.6609,148.9374,7494034
2021-11-16,148.6277,149.6934,148.1177,148.1632,7389689
2021-11-17,148.3454,149.2471,147.3617,148.7188,5395852
2021-11-18,148.8736,149.8027,147.6714,147.9173,6358604
2021-11-19,148.5002,148.6368,147.3526,148.3636,7620244
2021-11-22,147.643,149.1191,146.3777,146.4235,7630761
2021-11-23,146.2585,147.6155,145.58,147.3312,7733912
2021-11-24,146.827,147.2671,146.1301,146.9186,5230043
2021-11-26,147.2487,147.7622,145.47,145.9651,8523072
2021-11-29,146.2402,147.0837,145.2499,146.4694,9186895
2021-11-30,145.3325,145.7817,142.8936,142.967,14977663
2021-12-01,143.838,146.7731,143.2603,144.9382,9835484
2021-12-02,144.1864,146.0476,143.7188,144.0305,11332742
2021-12-03,144.7823,146.396,144.4889,146.1301,8750079
2021-12-06,146.8728,149.926,146.5427,149.3942,9690560
2021-12-07,150.3661,150.6136,148.9082,149.7793,8310591
2021-12-08,149.8801,150.8887,149.1191,150.6778,6215430
2021-12-09,150.5311,152.1815,149.8985,152.1081,8573348
2021-12-10,151.8055,152.8324,150.962,151.7322,6571895
2021-12-13,151.0537,155.1292,150.1827,154.4461,11140915
2021-12-14,154.3361,156.7566,153.2634,156.1331,10481434
2021-12-15,155.7297,157.0546,155.3355,156.9125,8548862
2021-12-16,157.0225,159.0855,156.6374,158.627,8989093
2021-12-17,155.5372,156.5824,153.7218,154.2444,16726113
2021-12-20,153.8593,154.5011,152.7041,153.8043,7951662
2021-12-21,154.0885,154.1252,152.1815,153.3092,7952016
2021-12-22,153.1717,154.1894,152.3098,153.9693,4178223
2021-12-23,153.9235,154.9045,153.4467,154.2627,3500914
2021-12-27,155.0788,155.7297,154.6753,155.5647,3704802
2021-12-28,155.6747,156.4541,155.4913,156.1882,3187011
2021-12-29,155.8673,157.6918,155.7847,157.2884,3661129
2021-12-30,157.811,158.5032,157.4718,157.9852,4231408
2021-12-31,158.1869,158.3231,156.8116,156.8483,4409026
2022-01-03,156.0598,157.3342,155.0421,157.2792,6011865
2022-01-04,156.8391,157.9669,156.4128,156.8575,6747763
2022-01-05,157.701,159.0488,157.3526,157.9027,7015341
2022-01-06,157.8385,158.1594,156.6008,157.3617,7301134
2022-01-07,157.2059,159.8098,156.9033,159.4889,6984860
2022-01-10,159.2505,159.2505,157.8431,158.7004,7698028
2022-01-11,158.6087,158.9754,155.9681,157.0133,8339980
2022-01-12,155.5097,155.9406,154.3453,155.6747,8115518
2022-01-13,154.9504,156.2523,154.4553,154.7303,6135328
2022-01-14,154.6066,154.6295,153.2542,153.8868,5847623
2022-01-18,153.2083,153.7722,152.209,153.2083,7815332
2022-01-19,153.3,154.6937,152.49,152.7316,5925844
2022-01-20,153.3826,153.9042,151.2187,151.5121,6008909
2022-01-21,152.374,154.0244,150.797,151.1637,10548698
2022-01-24,150.3661,150.5219,145.1032,149.4217,14054557
2022-01-25,148.8624,154.4094,148.1472,153.6943,14077364
2022-01-26,153.6118,155.1521,152.4107,154.3819,9959937
2022-01-27,155.308,157.6185,154.9504,156.4082,9066680
2022-01-28,156.6558,157.5543,155.2255,157.5084,9783039
2022-01-31,157.2426,158.2694,156.6191,157.9669,8054779
2022-02-01,157.4626,157.6827,155.3446,156.6741,8154344
2022-02-02,155.5464,158.6087,155.5464,158.407,7379553
2022-02-03,157.9394,159.1863,156.8208,158.3978,6240409
2022-02-04,156.7841,158.5995,155.9759,157.3617,6391893
2022-02-07,157.16,157.4626,155.8764,156.8391,6065031
2022-02-08,156.8025,157.7468,156.3074,157.2517,6296103
2022-02-09,157.7652,157.921,157.0133,157.2334,5386889
2022-02-10,156.9767,156.9858,155.2255,155.3355,10354479
2022-02-11,155.0604,156.0048,153.6118,153.7676,13124730
2022-02-14,153.7676,154.006,150.1919,151.833,8965227
2022-02-15,152.319,154.1252,152.209,153.4009,6631390
2022-02-16,152.6491,153.8868,151.9352,153.3092,8482192
2022-02-17,153.3092,153.5292,151.2096,152.374,6226745
2022-02-18,152.2461,152.5968,150.3636,150.7511,6421632
2022-02-22,150.9495,151.1018,148.0565,148.7025,6868463
2022-02-23,149.0439,150.0858,148.4349,148.7763,8015990
2022-02-24,147.4475,147.7705,143.7008,145.934,12881485
2022-02-25,147.6505,154.0964,147.3736,153.1874,11339138
2022-02-28,150.299,152.4307,149.847,151.8678,9370037
2022-03-01,150.4558,152.0339,149.8725,151.3417,8736529
2022-03-02,151.7201,154.6916,151.3787,153.2243,6793286
2022-03-03,153.8333,156.265,153.4827,155.476,7331437
2022-03-04,154.7008,156.7494,153.9718,156.3988,6302448
2022-03-07,155.3099,159.7578,154.4424,158.9181,11662038
2022-03-08,158.7612,159.7578,155.5036,155.6974,11098131
2022-03-09,156.8879,157.0909,154.9315,156.288,7247638
2022-03-10,155.5498,157.0171,155.1022,156.5649,6171361
2022-03-11,156.0758,158.226,155.9743,156.2788,5187990
2022-03-14,157.5062,160.6806,157.2016,158.4382,7728904
2022-03-15,159.9516,162.8954,159.2318,162.5447,10554446
2022-03-16,161.9172,163.2922,159.241,161.0498,9602890
2022-03-17,161.6865,163.1907,160.7545,163.1538,7472008
2022-03-18,163.3383,163.3383,160.2561,161.3451,13778001
2022-03-21,161.179,163.486,160.8652,162.2587,7572819
2022-03-22,162.2587,162.757,160.4868,161.4927,8441455
2022-03-23,161.705,161.991,160.653,160.8837,5254246
2022-03-24,161.4927,161.991,160.6345,161.7142,5011850
2022-03-25,162.1295,163.9843,161.6957,163.2645,4809395
2022-03-28,163.0154,164.4263,162.7385,164.1043,5603389
2022-03-29,164.8333,165.5531,163.1538,164.0212,5933355
2022-03-30,164.6672,165.9776,163.9659,165.7284,6277135
2022-03-31,165.7284,166.3006,163.3199,163.5506,11489478
2022-04-01,163.3845,164.658,162.0464,164.4365,6525260
2022-04-04,164.4365,164.4365,161.9726,162.8493,6860624
2022-04-05,162.8493,165.7838,162.6831,163.9013,7445498
2022-04-06,165.5439,168.5061,164.8333,168.1647,10328614
2022-04-07,167.6479,168.8291,166.319,167.7309,7384736
2022-04-08,167.3341,169.0478,166.5036,168.0632,7144480
2022-04-11,168.8752,169.9826,165.7377,165.9591,5930065
2022-04-12,165.3685,166.8543,164.4457,166.0145,5957025
2022-04-13,166.0145,166.882,165.4055,166.7159,5642833
2022-04-14,166.1068,167.3987,165.8576,166.0145,6173111
2022-04-18,165.8576,166.4667,163.0984,163.9474,6313873
2022-04-19,166.7712,171.5883,166.0607,168.9491,14378510
2022-04-20,168.1739,170.0934,167.8601,169.6965,8039503
2022-04-21,169.7335,170.6009,168.4692,169.2075,6969167
2022-04-22,168.3861,169.0137,167.3803,167.5279,8002182
2022-04-25,168.2662,172.2804,168.0447,171.6529,11168997
2022-04-26,170.8132,172.1697,169.9649,170.4256,10187177
2022-04-27,170.0195,170.5548,167.7125,168.0447,11090112
2022-04-28,168.1831,170.2595,167.8786,169.2997,9403865
2022-04-29,168.4138,168.4554,166.2914,166.5313,8463101
2022-05-02,166.5405,167.408,163.366,164.8518,7141618
2022-05-03,164.9994,166.6882,163.9659,164.5288,5898229
2022-05-04,164.3996,166.5682,163.4768,166.2914,5923048
2022-05-05,165.5716,165.8392,161.7419,163.1169,7081909
2022-05-06,161.6219,163.2184,161.2066,162.757,6433672
2022-05-09,161.908,164.7779,161.1144,163.6429,7854212
2022-05-10,164.4734,165.3501,162.8769,163.4214,8185183
2022-05-11,162.3786,164.5565,162.3048,162.5355,6138604
2022-05-12,162.8493,164.215,161.2251,164.1412,6895500
2022-05-13,164.9071,165.0825,162.2336,163.1999,7731580
2022-05-16,163.1999,165.3039,162.5724,164.335,5515200
2022-05-17,164.9256,165.8299,162.96,165.0179,5750840
2022-05-18,165.0363,165.5254,161.6496,161.9541,8603018
2022-05-19,161.2343,161.3082,159.361,160.5145,6874100
2022-05-20,161.3543,163.486,160.616,163.3199,7521121
2022-05-23,164.9241,167.0878,164.7941,166.6328,7036468
2022-05-24,166.4564,168.7686,166.3171,168.4529,6419248
2022-05-25,167.645,168.5922,166.2799,166.8,6558928
2022-05-26,168.0815,168.0815,165.8563,166.6514,6897589
2022-05-27,166.93,168.23,165.5092,168.165,5853135
2022-05-31,165.2956,167.3107,162.519,166.7164,16355781
2022-06-01,166.3635,166.995,163.3455,165.0263,5171760
2022-06-02,165.0541,165.1191,162.1275,164.5062,8665638
2022-06-03,164.432,165.9184,163.5776,163.8283,4233067
2022-06-06,164.562,165.7599,163.4337,163.8098,5385911
2022-06-07,164.3484,166.5028,163.8098,165.6113,5447493
2022-06-08,165.3884,166.6421,164.1812,164.627,4333055
2022-06-09,164.562,165.8992,161.2468,161.3118,5509590
2022-06-10,159.8817,161.5532,158.4434,160.2346,6646310
2022-06-13,157.9409,159.956,157.9397,158.6187,7995806
2022-06-14,158.8509,158.8973,155.3221,156.1857,7116340
2022-06-15,157.5323,159.2038,156.6036,157.8573,7796055
2022-06-16,156.3808,158.0616,155.4614,157.9409,7056042
2022-06-17,158.4516,159.9095,157.1608,157.3651,12472434
2022-06-21,158.563,161.4511,157.458,160.6617,8219298
2022-06-22,159.7238,165.2213,159.4359,163.1969,10348523
2022-06-23,164.367,166.981,163.9212,166.8371,9473715
2022-06-24,167.8772,169.5023,167.1319,169.2794,9117951
2022-06-27,168.6758,170.2643,168.5458,169.1215,5908498
2022-06-28,169.168,169.9109,163.7262,164.3112,9245267
2022-06-29,164.5712,165.5742,163.8376,164.3577,7074043
2022-06-30,164.2369,165.5649,162.5376,164.8405,10777030
2022-07-01,164.7848,166.8928,164.0791,166.7071,5496850
2022-07-05,166.0663,166.3403,162.1475,165.4256,5676403
2022-07-06,165.3606,166.6328,164.7477,165.5742,5335264
2022-07-07,165.1656,166.3356,164.8405,165.7599,5725797
2022-07-08,165.602,167.1435,165.082,165.5556,3828297
2022-07-11,165.017,166.2428,164.8498,165.6206,3645237
2022-07-12,165.277,165.7135,162.6909,163.299,4708414
2022-07-13,163.1226,163.7448,162.0454,162.9183,5288279
2022-07-14,160.216,163.4476,159.9994,163.1412,5358989
2022-07-15,165.0263,165.7692,163.9491,165.5092,5683704
2022-07-18,165.0541,165.472,161.4975,161.7947,7595496
2022-07-19,163.7448,164.1348,157.7551,159.4359,13249042
2022-07-20,159.9095,160.2346,157.6437,158.5259,7452978
2022-07-21,157.913,159.1574,157.653,159.0831,5727489
2022-07-22,159.3477,160.1788,158.8509,159.8353,4256593
2022-07-25,159.8353,160.6292,159.4638,160.151,4436205
2022-07-26,160.2438,162.4911,160.1788,161.2839,4524600
2022-07-27,160.3089,161.6739,158.9159,160.8382,4647593
2022-07-28,161.0239,163.5219,159.2038,161.7668,5511448
2022-07-29,161.3861,162.3704,160.5689,162.064,6451056
2022-08-01,161.7389,162.6536,161.1562,161.4975,5460982
2022-08-02,162.519,162.9647,160.3739,160.5782,5793058
2022-08-03,160.2346,162.7511,159.5102,162.129,5007565
2022-08-04,162.3333,162.5933,159.3524,159.5288,5649909
2022-08-05,159.0738,159.2874,157.6716,158.8973,5234480
2022-08-08,159.0738,159.2409,157.3423,158.0523,4629806
2022-08-09,158.368,158.9066,157.6158,158.0337,5531405
2022-08-10,158.8138,159.0181,157.4301,158.4887,5597217
2022-08-11,156.4922,157.8201,155.0621,155.2107,9322857
2022-08-12,155.5821,155.9536,153.3627,153.502,14596926
2022-08-15,154.1521,154.8485,153.3395,154.2356,10069942
2022-08-16,154.022,156.2451,153.7806,155.61,7453109
2022-08-17,154.5328,156.5293,154.5328,155.6193,7404091
2022-08-18,155.7121,156.2879,154.0871,154.8671,8311044
2022-08-19,155.1735,157.978,155.0807,157.2258,8126821
2022-08-22,157.9026,157.9213,156.2853,156.6779,5461202
2022-08-23,156.1263,156.8462,155.0045,155.313,5565840
2022-08-24,155.715,155.743,154.322,154.7988,5683520
2022-08-25,155.1447,156.3507,153.9761,156.2479,5676286
2022-08-26,156.5564,156.5938,153.504,153.5741,5666286
2022-08-29,152.8262,153.1721,151.4706,152.3868,5257525
2022-08-30,152.6672,152.8916,151.4799,151.8539,6551756
2022-08-31,152.6018,152.901,150.7694,150.8349,8739273
2022-09-01,150.9751,154.724,150.9658,154.5744,7508154
2022-09-02,155.0606,155.3784,151.4612,152.1437,5803226
2022-09-06,153.2656,155.3924,152.2185,152.5551,7386543
2022-09-07,152.3026,153.7143,151.6015,153.3871,4546272
2022-09-08,153.2095,154.6492,152.4616,154.6212,5836334
2022-09-09,154.2472,155.3784,153.6848,154.9203,5500543
2022-09-12,155.2943,155.7243,154.4622,154.8549,6365023
2022-09-13,152.9197,153.733,150.3394,150.8255,6723947
2022-09-14,151.8072,154.5931,151.8072,153.9387,9555044
2022-09-15,153.7424,155.2569,153.4152,154.3314,7172453
2022-09-16,154.5557,156.7153,154.0228,156.6873,20198837
2022-09-19,155.4719,155.5934,153.3965,155.4532,7379560
2022-09-20,154.4622,155.098,153.6208,154.2285,7138608
2022-09-21,154.2753,155.9347,152.6112,152.6486,8065304
2022-09-22,152.527,156.2759,152.2279,155.3597,7399929
2022-09-23,154.9484,156.5751,153.9387,155.8646,9595553
2022-09-26,155.0045,155.9768,153.6769,154.911,8734865
2022-09-27,155.528,156.7527,153.6956,154.2005,8684180
2022-09-28,155.4205,156.4816,154.35,155.528,8660921
2022-09-29,155.6402,156.2853,153.2188,153.8172,7005544
2022-09-30,154.2566,154.9484,152.6859,152.7233,8981185
2022-10-03,153.5928,153.6769,151.1714,152.5738,8650022
2022-10-04,153.1814,155.1914,152.312,154.8362,6234019
2022-10-05,154.2753,155.2288,153.518,154.3594,4539388
2022-10-06,154.0602,154.2566,151.1621,151.3678,5886484
2022-10-07,151.2369,151.6576,148.8062,149.7691,6362910
2022-10-10,150.1711,150.7788,148.8155,149.9654,5314180
2022-10-11,149.928,153.4245,149.928,152.1344,6212178
2022-10-12,152.3307,154.1444,151.9147,152.097,4340271
2022-10-13,150.4142,155.1821,150.2815,154.3968,6464481
2022-10-14,153.733,154.8923,152.9477,153.7517,5684433
2022-10-17,154.6305,156.3227,154.2659,155.743,6705472
2022-10-18,154.2566,156.2853,152.4335,155.2008,10878509
2022-10-19,155.1914,155.4252,153.2188,153.9667,10042227
2022-10-20,154.2566,154.9484,153.6302,154.3594,5659298
2022-10-21,153.9854,158.342,153.7237,157.725,8486782
2022-10-24,158.7534,160.8756,158.2298,159.8472,6851174
2022-10-25,159.0899,159.9687,157.5474,159.5948,5655612
2022-10-26,160.1651,161.3337,159.4171,160.9971,6123828
2022-10-27,161.128,162.1377,160.539,161.0906,5390437
2022-10-28,161.7357,163.97,161.3561,163.4839,6069240
2022-10-31,163.1567,163.755,162.1283,162.6425,7809326
2022-11-01,162.7266,163.2595,159.3237,161.8198,6983089
2022-11-02,161.6328,162.6145,159.2021,159.333,6876516
2022-11-03,158.7534,160.3053,157.94,159.6041,4816906
2022-11-04,160.3894,161.2682,158.2205,160.3146,5300546
2022-11-07,160.4923,162.5303,160.2772,161.717,6620741
2022-11-08,161.8572,163.3164,160.9691,162.521,5147288
2022-11-09,162.923,163.6054,161.1186,161.2215,6149973
2022-11-10,162.9978,163.3904,160.8382,163.11,7877181
2022-11-11,161.4832,161.8385,155.9581,158.2298,11063788
2022-11-14,159.1647,161.9787,159.1647,160.7166,6577410
2022-11-15,160.9784,161.7357,159.4181,161.1654,9350188
2022-11-16,162.334,163.5961,161.8572,162.1657,5500907
2022-11-17,161.7357,163.5961,161.717,163.4746,4464905
2022-11-18,163.6054,165.1387,163.253,164.7273,6553551
2022-11-21,165.4934,166.1144,164.4961,165.5687,5705908
2022-11-22,165.9733,166.7166,165.9074,166.3685,4707695
2022-11-23,166.0109,166.9142,165.6063,166.5472,5387564
2022-11-25,166.8954,167.5916,166.4061,166.7636,3058608
2022-11-28,166.3026,167.2623,166.1238,166.8483,6182960
2022-11-29,166.5472,166.7825,164.3361,165.6816,6698676
2022-11-30,165.9451,167.4881,164.449,167.4787,13283894
2022-12-01,168.4196,169.3229,167.2623,168.175,6282285
2022-12-02,167.0083,168.382,166.5002,168.3067,5823859
2022-12-05,167.8174,168.7583,167.4787,168.2126,5120186
2022-12-06,169.2852,169.3605,165.5311,165.691,7940850
2022-12-07,166.1332,167.3658,165.8133,166.6978,5702179
2022-12-08,166.3685,166.98,165.9168,166.726,4798138
2022-12-09,166.6507,167.3752,165.277,165.3523,4555600
2022-12-12,165.5499,167.3564,165.2206,167.3282,4881715
2022-12-13,168.5137,169.5487,167.7688,168.6172,9177505
2022-12-14,168.0244,170.3381,168.0244,169.1347,9528462
2022-12-15,168.6078,169.21,165.9733,166.9989,7602447
2022-12-16,166.5378,166.5378,164.5243,165.2864,18838602
2022-12-19,164.9854,165.7522,163.781,165.1077,5732885
2022-12-20,165.5969,166.0109,164.816,165.2864,6171729
2022-12-21,165.851,167.6481,165.2676,167.1776,5457655
2022-12-22,166.3214,167.0177,164.9759,166.5661,5709124
2022-12-23,166.2273,167.0271,165.4182,166.9895,3682556
2022-12-27,167.5822,167.808,166.5284,166.9424,3066257
2022-12-28,167.2529,167.9021,166.2085,166.2179,2645351
2022-12-29,167.0553,167.761,166.6037,167.0647,2828502
2022-12-30,166.9989,167.2623,165.0324,166.2085,4216620
2023-01-03,165.7475,167.8363,165.6063,167.6575,6343395
2023-01-04,168.3161,169.5393,167.9303,169.4828,9788245
2023-01-05,168.4384,169.3511,167.8645,168.2314,6254568
2023-01-06,169.4828,170.2355,168.7866,169.5957,5703597
2023-01-09,168.7019,169.1347,164.8207,165.2018,7923292
2023-01-10,165.3147,165.7287,164.0162,164.8066,5044833
2023-01-11,165.1924,165.3335,161.9369,164.5431,6492592
2023-01-12,163.9598,164.3794,162.5861,163.7152,4267985
2023-01-13,162.953,163.7246,162.1909,163.1788,6087970
2023-01-17,163.7152,164.2609,161.918,162.1721,6049302
2023-01-18,161.5041,161.8334,159.6787,159.7258,7044939
2023-01-19,159.0389,161.1559,158.7378,159.5094,6935282
2023-01-20,160.0457,160.0551,157.5805,158.7661,8588202
2023-01-23,159.1048,159.6035,158.0203,158.3615,8403618
2023-01-24,164.656,164.656,156.1974,158.3615,10539631
2023-01-25,157.2889,159.4905,157.2042,159.4905,7097779
2023-01-26,159.5282,159.8669,158.6814,158.9072,6945573
2023-01-27,158.5779,158.8846,157.8534,158.2862,6053801
2023-01-30,158.0039,158.5779,151.5588,152.4245,23247785
2023-01-31,152.1422,153.7699,151.5306,153.7605,11609042
2023-02-01,153.3559,156.1692,152.8008,155.1719,9856324
2023-02-02,153.3653,156.395,153.1982,155.7552,10090199
2023-02-03,156.2162,156.5079,154.2027,154.8802,6867855
2023-02-06,154.8237,155.1083,153.4594,153.7041,7018814
2023-02-07,152.0481,154.1933,151.8787,153.7417,7299581
2023-02-08,153.6476,154.8331,153.2708,153.9393,6051839
2023-02-09,153.9581,155.0542,151.5494,151.8599,7947694
2023-02-10,152.208,153.1678,151.8129,152.5656,7017924
2023-02-13,151.7941,153.196,151.6247,153.1301,6405571
2023-02-14,153.1207,153.337,152.1986,152.4621,6308628
2023-02-15,152.3774,152.4056,149.8746,149.9499,12621449
2023-02-16,149.6723,150.2134,148.5856,148.8867,11154364
2023-02-17,148.7797,152.655,148.4007,151.9728,12400116
2023-02-21,151.2717,151.9349,149.604,149.7082,9421104
2023-02-22,150.182,150.5136,149.1113,149.4998,9814513
2023-02-23,149.4335,150.2625,148.448,149.4524,9383913
2023-02-24,148.4291,148.6186,147.0647,147.7848,8686186
2023-02-27,148.2396,148.666,146.9415,147.4626,7265866
2023-02-28,146.8467,147.1215,145.0085,145.217,9055148
2023-03-01,144.9801,145.1981,143.9378,144.5632,6755125
2023-03-02,143.7862,144.7432,143.2945,144.4495,8762185
2023-03-03,145.3212,146.0319,144.819,145.9371,5740174
2023-03-06,146.5435,147.5574,146.4535,147.3963,8144488
2023-03-07,147.8985,148.0501,145.3023,146.0034,7457114
2023-03-08,145.8992,146.1034,144.4779,144.9327,6227173
2023-03-09,145.4065,145.5392,142.8008,143.303,7435501
2023-03-10,143.8905,145.4349,143.1704,143.6536,8502037
2023-03-13,144.1084,147.7279,143.6157,145.0275,10798476
2023-03-14,145.236,145.9466,143.9284,145.8424,8411385
2023-03-15,144.819,146.7615,144.5214,146.2498,7755144
2023-03-16,145.397,146.264,144.5964,145.9466,7605464
2023-03-17,146.373,146.8182,144.3074,144.3832,20539943
2023-03-20,144.4685,145.9892,144.3832,145.8139,7125316
2023-03-21,145.9182,146.0413,144.1842,145.8139,8373024
2023-03-22,145.776,145.975,143.104,143.123,7937322
2023-03-23,143.2414,143.7294,142.2323,143.1988,9051133
2023-03-24,143.5304,144.7432,142.9145,144.639,5696162
2023-03-27,146.1077,146.4298,145.0749,145.2549,6770259
2023-03-28,144.3927,145.397,143.7626,143.8526,6113464
2023-03-29,144.2505,145.3307,144.0895,145.2644,6011471
2023-03-30,145.5202,145.7287,144.7906,145.3781,4555613
2023-03-31,145.7192,147.0457,145.1981,146.8657,9887842
2023-04-03,146.8183,148.7702,145.8613,148.6186,6840747
2023-04-04,148.7323,150.6273,148.3722,150.1725,8278318
2023-04-05,155.744,156.9663,154.2184,156.9189,16693824
2023-04-06,157.2789,158.4539,156.1514,156.483,9613783
2023-04-10,155.9903,156.1893,155.0523,155.6966,5352633
2023-04-11,155.7913,156.6062,155.4314,155.6492,5902779
2023-04-12,155.3365,156.1893,154.5406,155.3176,5764039
2023-04-13,155.5639,157.6011,155.2086,157.3926,5640089
2023-04-14,157.26,157.3974,155.4502,157.1368,7224595
2023-04-17,157.0373,157.5158,156.284,156.9757,8039435
2023-04-18,155.6303,156.0472,151.2717,152.5603,14560915
2023-04-19,153.4889,154.1426,152.7119,154.0005,6746971
2023-04-20,153.9058,155.2228,152.5129,154.9954,9495331
2023-04-21,155.8103,156.3125,153.4699,154.1521,7013765
2023-04-24,154.1521,155.2086,153.3752,155.0902,5278178
2023-04-25,155.6871,156.6725,155.5402,156.5114,6260178
2023-04-26,155.4786,155.7629,153.7257,154.0858,5517030
2023-04-27,154.3511,154.8312,153.6215,154.4459,5739309
2023-04-28,154.2658,155.166,154.0257,155.1091,6023332
2023-05-01,155.0144,155.6757,153.7257,155.0144,4892232
2023-05-02,155.7155,156.7957,154.9717,156.3693,7538348
2023-05-03,156.862,157.459,153.9816,154.3227,5934903
2023-05-04,154.1426,154.3511,152.7877,153.6215,5127498
2023-05-05,154.2942,154.569,153.2046,154.1426,5193523
2023-05-08,153.4889,154.0384,152.873,153.7921,4994586
2023-05-09,153.2615,153.6215,152.3518,152.5982,5520468
2023-05-10,152.7403,153.4699,151.6601,153.1667,6756550
2023-05-11,153.3373,153.6784,151.0254,152.5413,5866547
2023-05-12,152.8919,153.0814,151.6128,152.3424,3904201
2023-05-15,152.3613,152.5792,150.5989,151.1769,5102683
2023-05-16,150.7126,151.8402,150.2104,150.9779,5599185
2023-05-17,151.4043,151.6554,149.4903,150.6463,6840107
2023-05-18,150.3336,150.5894,149.2913,150.1631,5172315
2023-05-19,150.2673,151.5411,149.8409,150.5705,6524022
2023-05-22,150.8439,151.9323,149.6792,149.7651,5672066
2023-05-23,149.9847,151.1017,149.2877,149.7078,5792564
2023-05-24,149.9656,150.0229,148.8581,149.5646,5014187
2023-05-25,148.9822,149.2114,146.7578,147.4165,6885537
2023-05-26,147.6838,148.2423,147.216,147.3592,6844430
2023-05-30,146.9964,148.3426,146.3759,147.3783,5592632
2023-05-31,147.6886,148.6385,146.8819,148.0371,11323530
2023-06-01,147.5406,148.018,146.2136,147.5406,7900242
2023-06-02,147.7125,150.1852,147.111,149.8606,7657157
2023-06-05,149.6505,151.4549,149.8606,151.1494,6429960
2023-06-06,152.3524,152.381,150.2711,151.0158,5072624
2023-06-07,150.9394,151.6077,150.3093,151.3404,6503770
2023-06-08,151.3213,153.1543,150.6721,153.0016,5818295
2023-06-09,153.1543,153.4455,152.2426,152.7629,6264390
2023-06-12,152.7533,152.992,151.5409,152.6579,6510593
2023-06-13,152.4956,153.5553,151.9418,153.4598,6061978
2023-06-14,154.2809,154.7391,153.689,154.2427,6698633
2023-06-15,154.7105,156.4862,154.1186,156.3144,7136718
2023-06-16,157.0304,157.5173,156.4481,156.7918,13425101
2023-06-20,156.8204,157.8228,156.3908,156.6963,7995841
2023-06-21,156.1712,157.4505,155.3215,156.4576,7177162
2023-06-22,156.4767,158.2143,156.3717,158.1188,5485780
2023-06-23,158.5866,158.7394,157.5555,157.9851,9447721
2023-06-26,157.5078,157.5078,154.0231,156.2189,6971704
2023-06-27,156.2667,156.4576,155.0828,155.8943,4927510
2023-06-28,155.8084,155.8084,154.5768,155.5793,6768920
2023-06-29,155.2738,156.8777,154.8823,156.6676,4546873
2023-06-30,157.3932,158.4243,156.9063,158.0233,7574196
2023-07-03,156.8968,156.9445,155.5793,155.9516,4033713
2023-07-05,155.6079,156.4958,155.3597,155.4361,7224412
2023-07-06,154.9014,155.016,153.708,154.2809,6332512
2023-07-07,153.202,153.7462,151.9896,152.0373,7021652
2023-07-10,152.2092,153.0397,151.7986,152.2855,5739178
2023-07-11,151.9227,153.0397,150.462,151.4454,6606636
2023-07-12,151.7413,151.7413,150.7294,150.9203,6937916
2023-07-13,150.8439,151.9227,150.2806,151.6172,6401264
2023-07-14,151.9705,152.9681,151.7795,152.6292,5361715
2023-07-17,152.5147,152.6292,150.9871,151.8655,5486566
2023-07-18,151.8655,153.603,151.0253,151.8559,6321618
2023-07-19,150.758,153.1448,150.2043,151.5504,7516346
2023-07-20,154.6055,161.4794,153.9945,160.7538,21881582
2023-07-21,160.5629,163.0833,160.5629,162.4818,12076277
2023-07-24,163.7325,165.9474,163.2456,163.3315,15153110
2023-07-25,162.73,164.859,162.0617,164.5822,13788045
2023-07-26,164.2098,165.976,163.637,164.8972,14287398
2023-07-27,164.3817,166.3961,164.248,165.8233,12445124
2023-07-28,166.1193,167.4177,165.3841,166.5775,14126142
2023-07-31,162.0045,162.5105,159.1594,159.9423,22608779
2023-08-01,158.8301,161.4316,158.5389,161.2407,15810291
2023-08-02,161.2025,163.4843,161.2025,162.2145,14595631
2023-08-03,162.2527,163.5606,161.9854,162.9114,17424721
2023-08-04,162.625,164.859,160.286,161.3839,23414293
2023-08-07,161.8135,165.4891,161.6894,165.26,17735624
2023-08-08,165.155,165.6896,163.6275,165.3364,27377854
2023-08-09,165.1645,166.3579,164.2576,165.2314,42947026
2023-08-10,166.1193,168.0,163.8661,164.3721,48211775
2023-08-11,164.6681,166.0715,163.847,165.976,45903748
2023-08-14,165.661,167.6468,163.9712,165.5846,64027876
2023-08-15,164.9736,166.6539,164.3435,165.1073,88916796
2023-08-16,164.7158,166.8162,164.3339,164.5822,85590056
2023-08-17,165.0309,167.4463,164.9354,166.1288,70898671
2023-08-18,165.3268,166.1097,163.5511,164.6776,49616742
2023-08-21,162.0045,162.1572,158.4434,159.7704,151227479
2023-08-22,159.3026,160.2383,157.9183,158.5007,56834813
2023-08-23,158.3861,158.9589,156.0662,157.0782,119008981
2023-08-24,156.6008,159.1212,156.4385,157.6128,70751745
2023-08-25,157.9814,161.3275,157.7506,159.8564,18178040
2023-08-28,158.6544,159.8179,156.89,157.9717,18457449
2023-08-29,158.5294,159.3083,156.5102,157.991,12208118
2023-08-30,158.7602,159.4525,157.3852,157.4333,9937757
2023-08-31,157.0871,157.2794,155.0765,155.4621,15331794
2023-09-01,155.2121,156.2314,153.8612,154.3083,8609485
2023-09-05,154.3852,155.741,154.116,154.5006,9019407
2023-09-06,153.6929,153.8467,151.2986,151.9333,9753025
2023-09-07,153.0198,154.866,152.866,153.8756,9930443
2023-09-08,153.4525,154.5006,153.0679,154.3852,6956985
2023-09-11,154.866,156.4333,154.2794,156.4044,6307248
2023-09-12,155.9814,157.6208,155.3179,157.289,6045174
2023-09-13,157.4621,158.6064,156.7314,157.6833,7383264
2023-09-14,158.3467,158.9141,157.1544,157.4429,7758210
2023-09-15,157.6737,158.4814,155.0102,155.241,13388540
2023-09-18,155.8852,156.8708,154.5679,156.2217,5788969
2023-09-19,156.0102,156.5871,155.1737,155.9621,5550791
2023-09-20,155.9525,157.2462,155.4429,156.6448,3837344
2023-09-21,156.3179,157.2121,155.3756,155.4429,4526673
2023-09-22,155.0967,155.1929,154.0871,154.3275,4976678
2023-09-25,153.914,154.1929,152.6256,154.0967,6722487
2023-09-26,153.664,153.9237,152.7506,152.9044,4904723
2023-09-27,152.4813,152.6544,149.2842,151.0679,10210329
2023-09-28,151.4429,151.8852,150.2121,150.8467,7861157
2023-09-29,151.3179,151.539,149.3756,149.7602,7678640
2023-10-02,149.4429,149.4429,147.4236,149.1832,7259670
2023-10-03,148.7313,149.515,147.9717,149.3659,5740810
2023-10-04,149.5871,149.9333,148.6256,149.539,4955218
2023-10-05,150.2602,151.962,150.0679,151.0967,5993108
2023-10-06,151.039,152.2121,150.5679,151.5775,5801115
2023-10-09,151.1352,152.7698,151.0486,152.4429,4414122
2023-10-10,152.289,153.1448,151.8275,152.2698,5272852
2023-10-11,152.366,152.9333,150.039,150.1736,6922492
2023-10-12,149.9236,150.5389,149.1028,150.3179,5791894
2023-10-13,150.7025,151.3083,150.0486,150.8179,5359783
2023-10-16,151.7506,152.164,150.8083,151.4717,6401704
2023-10-17,149.9813,152.837,148.6626,150.0871,12239511
2023-10-18,149.4333,149.9525,146.2025,146.8563,9095888
2023-10-19,145.8371,147.221,144.3755,146.4621,7733114
2023-10-20,146.8659,147.9525,146.4717,147.1159,7206631
2023-10-23,146.9813,147.5967,145.3948,145.5679,5872575
2023-10-24,144.9525,146.1159,144.3563,145.414,6154179
2023-10-25,145.4236,146.3179,144.4525,145.7409,5875296
2023-10-26,146.1255,146.1255,143.1544,143.2698,7605867
2023-10-27,142.7794,142.9428,139.3755,140.0005,11383521
2023-10-30,140.4717,141.5775,140.3851,141.3755,8205306
2023-10-31,141.8659,142.8323,141.0021,142.6351,7576853
2023-11-01,143.4525,144.0005,142.7505,142.9717,5728496
2023-11-02,142.0294,144.6159,141.8659,144.4621,5346899
2023-11-03,145.3948,146.414,144.3707,145.5198,4925476
2023-11-06,145.9429,146.563,145.5486,145.8659,4850681
2023-11-07,146.0871,146.3948,144.8852,145.0967,4840367
2023-11-08,145.5294,145.9909,144.5582,144.5678,5459959
2023-11-09,144.7121,144.7121,141.5967,141.7505,6972813
2023-11-10,142.5486,142.789,140.039,141.5871,6930648
2023-11-13,141.5871,142.2121,141.0101,141.9525,5889293
2023-11-14,141.9621,142.8275,141.3178,141.9813,6711570
2023-11-15,141.6832,143.6736,141.6063,143.0775,6728710
2023-11-16,143.7505,144.3948,142.9236,144.3275,6874850
2023-11-17,144.7602,144.9861,143.3323,144.0294,7023261
2023-11-20,143.3507,145.7639,142.9921,145.289,8851705
2023-11-21,145.4731,146.6265,144.9983,146.4617,5915615
2023-11-22,146.956,147.3533,145.7542,146.171,4633444
2023-11-24,146.2097,147.973,146.2097,147.7992,3351448
2023-11-27,147.5956,147.6247,146.3163,146.6168,6449197
2023-11-28,146.7331,147.1304,146.1903,146.956,5908948
2023-11-29,146.6652,147.5084,146.4132,147.4212,5046201
2023-11-30,147.5666,150.3578,147.237,149.8926,12481065
2023-12-01,151.6177,153.5754,150.6776,153.4979,10341944
2023-12-04,153.1296,155.0874,153.1296,153.9825,8918699
2023-12-05,153.905,154.7094,153.3428,153.6627,7264527
2023-12-06,153.6336,153.7685,151.356,151.7922,6549820
2023-12-07,151.7534,151.7534,149.941,150.6098,6443988
2023-12-08,150.6292,151.0459,149.0979,149.66,6145584
2023-12-11,149.7375,150.6873,149.5921,150.2803,5996515
2023-12-12,150.2221,150.5322,148.9137,150.2899,5092175
2023-12-13,148.9234,151.1331,147.0917,150.9878,10210968
2023-12-14,151.6468,152.3155,150.268,152.0345,9113146
2023-12-15,150.697,151.86,149.0203,150.3772,21665071
2023-12-18,150.4256,151.6177,149.9895,150.6485,6868592
2023-12-19,150.5129,151.6759,150.164,151.6371,6439084
2023-12-20,151.7146,151.8309,148.3904,148.5454,6580301
2023-12-21,148.9525,150.3481,148.5745,150.067,4598538
2023-12-22,150.4644,151.7049,150.2415,150.6679,3798865
2023-12-26,150.2221,151.5305,150.0767,151.327,4135155
2023-12-27,150.7067,151.6953,150.6292,151.5305,5239330
2023-12-28,151.1913,152.3931,151.1816,151.7534,4164683
2023-12-29,151.6856,152.0635,151.1719,151.9085,4313691
2024-01-02,152.0926,156.6567,151.9569,155.0389,9344066
2024-01-03,155.6883,156.4636,154.8741,156.0081,8006270
2024-01-04,156.609,156.9869,155.475,155.6786,6764174
2024-01-05,155.5526,156.3667,154.5543,156.1631,5101038
2024-01-08,156.1341,156.6768,154.69,156.5508,6556782
2024-01-09,156.6477,158.2469,155.6446,156.6477,6196816
2024-01-10,156.8367,157.6072,156.231,156.8803,4896936
2024-01-11,157.0742,157.1992,155.8239,156.1825,4916388
2024-01-12,156.8513,157.4618,156.7059,157.3843,4496942
2024-01-16,156.5896,157.2486,155.2424,155.5719,6740904
2024-01-17,155.3103,156.3279,154.942,155.4847,4967593
2024-01-18,155.068,156.3957,154.7675,156.2407,5303940
2024-01-19,156.1825,156.9313,155.3393,156.6962,6918850
2024-01-22,157.0063,158.5376,156.3667,157.4618,6795127
2024-01-23,154.7385,155.5598,152.0732,154.8838,9081212
2024-01-24,154.8257,155.6495,153.2847,154.06,6586272
2024-01-25,154.0988,154.6997,153.5851,154.6415,5464257
2024-01-26,155.4847,155.7852,154.4478,154.5834,5407682
2024-01-29,154.1085,155.1357,154.06,154.4477,6333889
2024-01-30,154.438,154.8354,153.2556,153.8759,6140013
2024-01-31,155.4556,155.6689,153.779,154.0019,7929751
2024-02-01,153.2847,153.6045,152.2089,153.4785,7623086
2024-02-02,153.1006,153.4301,151.1331,151.7825,7603010
2024-02-05,151.7825,152.0538,150.5516,150.9974,8739082
2024-02-06,151.0265,153.8371,150.8036,153.1878,8886200
2024-02-07,152.9358,154.4574,152.8292,153.1102,8385754
2024-02-08,152.49,152.49,150.5225,151.5789,9719057
2024-02-09,151.453,152.3543,150.8715,151.9279,6520122
2024-02-12,151.7534,153.527,151.5305,152.9843,6128413
2024-02-13,152.7807,153.5658,150.949,151.6468,7945826
2024-02-14,151.5305,151.6371,150.067,150.9393,8125923
2024-02-15,151.1719,153.59,151.0847,153.0521,6782696
2024-02-16,152.9265,153.5661,152.0183,152.8776,8540961
2024-02-20,152.8874,154.8893,152.7702,154.1569,9129945
2024-02-21,154.3132,154.9674,153.4452,154.9577,7226416
2024-02-22,155.2506,156.9694,154.069,156.6862,7887196
2024-02-23,157.1061,158.4439,156.403,158.0436,6574832
2024-02-26,158.0045,158.2096,156.8033,157.0182,5274215
2024-02-27,156.5787,157.2623,155.8952,157.2037,5008771
2024-02-28,157.2233,157.8189,156.5299,157.7604,6062642
2024-02-29,158.1998,158.3853,157.1647,157.5943,9820354
2024-03-01,158.0338,158.7564,157.3111,158.317,5577032
2024-03-04,157.5357,157.8189,154.5573,156.0905,8529388
2024-03-05,156.8522,157.4576,155.4655,156.2174,8178818
2024-03-06,155.7194,157.1549,155.485,155.6022,5770541
2024-03-07,156.2467,156.5983,154.528,155.1432,5105733
2024-03-08,155.1432,156.6276,154.7087,155.778,5171252
2024-03-11,155.7487,157.5357,155.153,157.4479,4613404
2024-03-12,157.7896,159.2838,157.3502,158.9224,8010329
2024-03-13,158.7174,158.8638,156.0612,157.3209,6183788
2024-03-14,157.1647,157.7506,154.9674,155.4752,6940134
2024-03-15,154.3522,155.4557,153.4147,154.4694,13064892
2024-03-18,154.8503,154.9674,152.8288,153.0827,6542717
2024-03-19,152.9948,153.1804,152.0085,152.5456,7566965
2024-03-20,152.0476,152.7702,151.5691,152.1062,5461218
2024-03-21,151.9402,153.2683,151.4617,152.0964,5890424
2024-03-22,152.0378,152.6921,151.4714,151.5886,5691881
2024-03-25,151.7546,152.3245,151.2663,151.5788,7024064
2024-03-26,151.9597,152.5652,151.1296,152.1159,6820254
2024-03-27,152.3308,154.5085,151.7937,154.2546,8373625
2024-03-28,154.4889,155.4069,154.401,154.4792,6181503
2024-04-01,154.0202,154.4401,153.0925,154.0788,4075425
2024-04-02,152.8972,154.1276,152.2917,154.03,5958535
2024-04-03,154.0886,154.3425,150.6316,150.6414,8031184
2024-04-04,151.6667,151.8523,148.8348,148.9226,6889901
2024-04-05,148.4637,149.4207,148.0535,148.8152,6633647
2024-04-08,148.4246,149.4451,148.0047,148.034,5885785
2024-04-09,147.9949,148.952,147.3992,148.7176,6123910
2024-04-10,147.9754,148.2586,146.2469,146.6766,6691723
2024-04-11,147.2625,147.3309,144.9091,145.2997,8322100
2024-04-12,144.5868,145.5682,143.6981,144.0595,7003536
2024-04-15,144.8895,145.9833,143.913,144.1278,8261867
2024-04-16,141.6083,142.8193,140.0264,141.0615,12682506
2024-04-17,141.5986,141.999,140.1728,141.374,9302684
2024-04-18,141.5791,142.3798,139.7725,142.3212,9340913
2024-04-19,142.7216,144.6552,141.1494,144.4403,9579927
2024-04-22,145.0262,146.745,143.8446,145.6219,9263844
2024-04-23,146.3446,146.9598,144.7235,146.0516,9074727
2024-04-24,144.6649,145.495,143.415,145.0458,9601911
2024-04-25,145.8661,146.0711,142.8974,143.3759,7590380
2024-04-26,143.2587,143.7226,142.5263,142.7118,6134278
2024-04-29,142.7118,143.7665,142.5605,143.3759,6148563
2024-04-30,143.4345,143.4345,141.1396,141.1982,8723003
2024-05-01,145.246,148.2879,144.1571,147.6336,14142991
2024-05-02,148.4734,148.7566,145.6415,146.4032,8303890
2024-05-03,146.3739,146.3739,144.3524,145.7684,6356614
2024-05-06,146.3543,146.5301,144.4403,145.0946,4913004
2024-05-07,145.8758,146.2176,144.9677,145.2313,6904494
2024-05-08,145.6219,146.2176,145.2118,145.4559,7089072
2024-05-09,145.4852,146.5789,145.3973,146.3348,6376386
2024-05-10,146.4813,146.5692,145.6903,146.3934,5536153
2024-05-13,146.5204,148.4344,146.1932,147.6727,5285647
2024-05-14,148.2879,148.6395,147.1649,147.8289,6827171
2024-05-15,148.2586,149.3621,147.7508,149.0887,5367476
2024-05-16,149.4109,150.7585,148.7566,150.6609,7546370
2024-05-17,151.2273,151.2273,150.1071,151.0124,6085649
2024-05-20,150.7341,151.0197,148.9226,148.9324,7472258
2024-05-21,149.4345,150.2271,148.4549,148.9029,5482489
2024-05-22,148.5091,151.699,147.9971,151.128,6385348
2024-05-23,150.3895,150.4782,147.0667,147.3867,7404789
2024-05-24,147.2193,147.4988,144.4921,144.6989,9520576
2024-05-28,144.5216,144.5216,141.9226,142.1489,10366270
2024-05-29,141.5975,143.1679,141.4892,142.208,7589547
2024-05-30,142.3852,143.3599,141.7944,143.035,7147106
2024-05-31,143.3205,145.201,142.9464,144.4035,14321925
2024-06-03,144.9745,146.599,144.502,145.457,6331663
2024-06-04,145.201,146.0182,143.9309,145.516,8053897
2024-06-05,145.6834,145.7031,143.6011,143.7143,5843848
2024-06-06,143.2516,144.7284,142.4246,144.1574,5012518
2024-06-07,144.4133,146.0083,144.0786,144.8072,5040670
2024-06-10,144.2657,145.2797,143.35,144.8564,5700310
2024-06-11,144.5413,144.8859,143.1925,144.4921,5319199
2024-06-12,144.7875,144.9352,142.5427,143.163,6145513
2024-06-13,142.8282,143.7439,141.6566,143.2024,6724245
2024-06-14,142.8971,143.7143,142.2473,143.291,4012926
2024-06-17,142.779,144.1672,142.5033,143.6946,6481185
2024-06-18,143.7045,144.1278,143.0202,143.3993,6156572
2024-06-20,143.0251,145.7917,142.7692,145.4963,8706777
2024-06-21,145.6046,146.7763,145.0927,146.4514,14751071
2024-06-24,146.6975,147.4063,145.8803,146.8156,6902022
2024-06-25,146.8747,146.8944,144.6693,144.9155,5912436
2024-06-26,143.9408,144.9155,143.5273,144.5512,5259948
2024-06-27,144.5315,145.0828,142.6018,143.5469,5488439
2024-06-28,143.7832,144.7973,143.3993,143.9014,9770630
2024-07-01,143.8128,146.4021,143.3698,144.1771,4978028
2024-07-02,144.1672,144.8761,143.4879,143.7734,4901741
2024-07-03,143.9408,144.3838,142.5033,143.4386,3246157
2024-07-05,143.5174,144.2854,142.267,144.2164,4806159
2024-07-08,144.1377,144.945,143.0054,143.2319,4757172
2024-07-09,143.419,144.8564,142.9365,144.7776,5534074
2024-07-10,144.9844,147.1602,144.4133,147.1208,5951348
2024-07-11,147.2685,148.2531,146.3431,147.3867,6294300
2024-07-12,147.682,148.5484,146.9338,147.5639,5141404
2024-07-15,147.7608,147.9282,146.5695,146.9338,5367404
2024-07-16,147.3768,148.7454,146.855,148.6764,6243600
2024-07-17,149.2081,155.0563,149.0752,154.1604,13513909
2024-07-18,153.1955,154.6428,152.2306,153.0183,9339203
2024-07-19,154.0914,154.0914,151.7384,152.2996,6866768
2024-07-22,152.3783,152.7131,151.2166,151.8565,6663072
2024-07-23,150.9409,151.128,149.2278,149.9957,6250064
2024-07-24,150.3994,153.993,149.976,153.865,6862117
2024-07-25,154.0619,158.0985,153.5893,157.1731,9288321
2024-07-26,157.2814,159.0831,157.0081,158.1576,8334582
2024-07-29,157.498,157.5275,155.6076,156.1098,5583201
2024-07-30,156.0901,159.0536,155.9129,158.837,6540255
2024-07-31,157.3798,157.8721,155.3024,155.4107,7907671
2024-08-01,156.031,158.325,155.2729,158.2758,6641132
2024-08-02,159.3981,162.3026,158.5121,161.6035,11093381
2024-08-05,161.2639,163.2182,158.0985,158.7582,11675871
2024-08-06,158.5613,158.9846,156.4839,156.5134,7273549
2024-08-07,156.415,158.133,155.7455,156.4445,5861051
2024-08-08,156.1196,158.2167,155.588,157.7441,5050545
2024-08-09,157.6457,158.4431,156.8777,158.1379,4395865
2024-08-12,158.4825,159.2012,156.2574,157.4094,7529116
2024-08-13,157.7933,157.8918,154.0225,155.9424,9194575
2024-08-14,155.391,157.0845,154.9677,156.031,4877751
2024-08-15,155.9227,157.0303,155.4009,156.6316,7099934
2024-08-16,156.6808,157.4684,155.7356,156.9269,4931392
2024-08-19,156.9959,157.818,156.671,157.1632,4368029
2024-08-20,157.5275,158.4431,157.2026,157.685,5677949
2024-08-21,157.9213,158.9846,157.8327,158.9354,4505703
2024-08-22,159.4966,159.979,158.3053,159.8412,6249390
2024-08-23,159.9889,161.6823,159.1963,161.5937,6616725
2024-08-26,161.6331,163.1493,161.0128,162.0663,6862357
2024-08-27,162.1984,162.7291,160.869,161.6528,4381232
2024-08-28,161.7024,163.6864,161.4147,162.615,5183782
2024-08-29,163.3194,163.4087,162.0595,162.9226,5878273
2024-08-30,162.8134,164.6586,162.5059,164.5396,7971017
2024-09-03,163.9245,166.4741,163.4583,165.8292,6857092
2024-09-04,166.4741,167.5058,164.7182,166.0277,6568081
2024-09-05,165.8689,166.0376,163.5178,163.6765,4481326
2024-09-06,163.865,164.6189,162.8134,163.0714,5951829
2024-09-09,163.5277,166.0723,163.1607,165.2836,7453281
2024-09-10,166.1665,167.1189,165.4175,166.0475,6547140
2024-09-11,165.4622,165.4622,162.7837,163.5079,5899371
2024-09-12,162.8928,163.7856,161.4148,163.3293,4494369
2024-09-13,163.4285,164.4305,162.5158,164.2023,3655430
2024-09-16,165.0356,165.9185,164.4602,165.6606,5168667
2024-09-17,164.9166,166.3848,164.609,165.74,5024717
2024-09-18,165.3035,167.0098,164.4205,164.8273,4687168
2024-09-19,164.9066,165.0455,163.1111,163.5079,4867713
2024-09-20,162.992,163.5575,162.248,162.8531,11483729
2024-09-23,163.0912,163.1904,161.4246,161.9206,4666459
2024-09-24,161.494,162.1885,160.2639,161.4841,5747274
2024-09-25,161.7024,162.0149,159.0834,159.3215,5301707
2024-09-26,158.9643,160.254,158.7461,160.1052,6005411
2024-09-27,160.7103,162.1289,160.0556,160.1151,7545377
2024-09-30,160.2837,160.8889,159.4008,160.7698,5976549
2024-10-01,161.1369,161.4544,159.8969,160.7004,4251273
2024-10-02,160.2242,160.8294,159.3711,159.8869,4648003
2024-10-03,159.5,160.1548,158.9445,159.2223,4697583
2024-10-04,158.3592,159.2223,157.511,159.0139,5277151
2024-10-07,158.9743,159.5794,157.9525,158.26,4227826
2024-10-08,158.2203,158.9693,157.6846,158.4187,4677006
2024-10-09,158.6469,159.9316,158.2401,159.3711,5694924
2024-10-10,160.0754,160.1052,158.7213,159.2322,4773950
2024-10-11,160.8889,161.3651,159.9167,160.1746,5181373
2024-10-14,160.1151,160.8492,159.6191,160.3135,5961210
2024-10-15,158.7262,165.4225,157.7342,162.7936,10207285
2024-10-16,162.6944,163.6765,161.3452,162.9722,5615093
2024-10-17,162.9523,163.6864,162.3273,163.1607,4757660
2024-10-18,163.5773,163.9737,162.625,163.8055,5745113
2024-10-21,163.7856,163.9345,161.0179,161.5337,5781067
2024-10-22,161.0278,162.4266,160.6111,162.1488,5354761
2024-10-23,161.5238,164.6785,161.127,164.5396,7438836
2024-10-24,163.6864,164.1924,162.0397,162.367,5325956
2024-10-25,162.3769,162.615,159.3314,159.5992,6375745
2024-10-28,159.8472,160.6806,159.7183,160.3135,4802680
2024-10-29,160.1746,160.879,158.7858,158.8155,5212557
2024-10-30,158.1806,159.9961,157.7642,159.3314,5812198
2024-10-31,158.7163,159.5893,158.1905,158.5874,8579578
2024-11-01,159.3016,159.7778,158.6072,158.8552,5145369
2024-11-04,158.4286,159.004,156.8116,156.9803,4579433
2024-11-05,156.4148,157.3275,155.1053,157.0894,6539857
2024-11-06,158.627,159.5695,156.1023,156.6231,8858114
2024-11-07,157.2084,157.4862,155.264,155.4823,7481361
2024-11-08,155.7501,155.8295,154.1728,154.2323,8442620
2024-11-11,154.3811,156.3255,153.6768,153.8057,6867329
2024-11-12,153.2998,153.8057,151.157,151.4248,7040556
2024-11-13,151.286,152.2879,150.219,152.0201,7161956
2024-11-14,151.9605,152.3691,149.5598,150.661,7627419
2024-11-15,149.6987,153.2006,149.6987,152.774,11108799
2024-11-18,151.3752,154.0934,151.1173,153.5379,7343400
2024-11-19,152.7194,152.7641,150.8395,151.782,7893293
2024-11-20,151.8117,152.03,150.6014,151.8911,7315274
2024-11-21,152.397,154.8176,151.5935,154.2621,9221523
2024-11-22,154.6589,155.8642,152.8831,153.9347,7499393
2024-11-25,153.9347,155.7848,153.9049,154.5398,12008038
2024-11-26,155.16,155.25,153.16,154.52,5676318
2024-11-27,154.63,156.63,154.6,155.4,4130568
2024-11-29,154.89,155.67,154.169,155.01,5687606
2024-12-02,154.75,155.0,153.9258,154.8,6738365
2024-12-03,154.8,154.8,152.305,152.36,7890521
2024-12-04,151.29,151.56,149.75,150.47,9971064
2024-12-05,150.0,150.38,148.95,149.52,7801498
2024-12-06,149.39,150.05,148.38,149.31,8268211
2024-12-09,149.29,150.89,148.44,149.6,8279613
2024-12-10,149.93,150.83,148.33,149.23,9271874
2024-12-11,148.5,148.5,146.37,146.64,13355904
